city_id,name,lat,lon,base_pm25,data_label
DEL,Delhi,28.6139,77.209,180.0,SYNTHETIC DATA — PIPELINE/CONSTRAINT VERIFICATION ONLY
BOM,Mumbai,19.076,72.8777,90.0,SYNTHETIC DATA — PIPELINE/CONSTRAINT VERIFICATION ONLY
LKO,Lucknow,26.8467,80.9462,160.0,SYNTHETIC DATA — PIPELINE/CONSTRAINT VERIFICATION ONLY
VNS,Varanasi,25.3176,82.9739,150.0,SYNTHETIC DATA — PIPELINE/CONSTRAINT VERIFICATION ONLY
JAI,Jaipur,26.9124,75.7873,110.0,SYNTHETIC DATA — PIPELINE/CONSTRAINT VERIFICATION ONLY
AMD,Ahmedabad,23.0225,72.5714,105.0,SYNTHETIC DATA — PIPELINE/CONSTRAINT VERIFICATION ONLY
CCU,Kolkata,22.5726,88.3639,130.0,SYNTHETIC DATA — PIPELINE/CONSTRAINT VERIFICATION ONLY
HYD,Hyderabad,17.385,78.4867,75.0,SYNTHETIC DATA — PIPELINE/CONSTRAINT VERIFICATION ONLY
BLR,Bengaluru,12.9716,77.5946,45.0,SYNTHETIC DATA — PIPELINE/CONSTRAINT VERIFICATION ONLY
MAA,Chennai,13.0827,80.2707,55.0,SYNTHETIC DATA — PIPELINE/CONSTRAINT VERIFICATION ONLY
