grid_id,city_id,city_name,row,column,latitude,longitude,is_city_center,data_label
DEL_r0_c0,DEL,Delhi,0,0,28.3139,76.909,False,SYNTHETIC DATA — PIPELINE/CONSTRAINT VERIFICATION ONLY
DEL_r0_c1,DEL,Delhi,0,1,28.3139,77.009,False,SYNTHETIC DATA — PIPELINE/CONSTRAINT VERIFICATION ONLY
DEL_r0_c2,DEL,Delhi,0,2,28.3139,77.109,False,SYNTHETIC DATA — PIPELINE/CONSTRAINT VERIFICATION ONLY
DEL_r0_c3,DEL,Delhi,0,3,28.3139,77.209,False,SYNTHETIC DATA — PIPELINE/CONSTRAINT VERIFICATION ONLY
DEL_r0_c4,DEL,Delhi,0,4,28.3139,77.309,False,SYNTHETIC DATA — PIPELINE/CONSTRAINT VERIFICATION ONLY
DEL_r0_c5,DEL,Delhi,0,5,28.3139,77.409,False,SYNTHETIC DATA — PIPELINE/CONSTRAINT VERIFICATION ONLY
DEL_r0_c6,DEL,Delhi,0,6,28.3139,77.509,False,SYNTHETIC DATA — PIPELINE/CONSTRAINT VERIFICATION ONLY
DEL_r1_c0,DEL,Delhi,1,0,28.4139,76.909,False,SYNTHETIC DATA — PIPELINE/CONSTRAINT VERIFICATION ONLY
DEL_r1_c1,DEL,Delhi,1,1,28.4139,77.009,False,SYNTHETIC DATA — PIPELINE/CONSTRAINT VERIFICATION ONLY
DEL_r1_c2,DEL,Delhi,1,2,28.4139,77.109,False,SYNTHETIC DATA — PIPELINE/CONSTRAINT VERIFICATION ONLY
DEL_r1_c3,DEL,Delhi,1,3,28.4139,77.209,False,SYNTHETIC DATA — PIPELINE/CONSTRAINT VERIFICATION ONLY
DEL_r1_c4,DEL,Delhi,1,4,28.4139,77.309,False,SYNTHETIC DATA — PIPELINE/CONSTRAINT VERIFICATION ONLY
DEL_r1_c5,DEL,Delhi,1,5,28.4139,77.409,False,SYNTHETIC DATA — PIPELINE/CONSTRAINT VERIFICATION ONLY
DEL_r1_c6,DEL,Delhi,1,6,28.4139,77.509,False,SYNTHETIC DATA — PIPELINE/CONSTRAINT VERIFICATION ONLY
DEL_r2_c0,DEL,Delhi,2,0,28.5139,76.909,False,SYNTHETIC DATA — PIPELINE/CONSTRAINT VERIFICATION ONLY
DEL_r2_c1,DEL,Delhi,2,1,28.5139,77.009,False,SYNTHETIC DATA — PIPELINE/CONSTRAINT VERIFICATION ONLY
DEL_r2_c2,DEL,Delhi,2,2,28.5139,77.109,False,SYNTHETIC DATA — PIPELINE/CONSTRAINT VERIFICATION ONLY
DEL_r2_c3,DEL,Delhi,2,3,28.5139,77.209,False,SYNTHETIC DATA — PIPELINE/CONSTRAINT VERIFICATION ONLY
DEL_r2_c4,DEL,Delhi,2,4,28.5139,77.309,False,SYNTHETIC DATA — PIPELINE/CONSTRAINT VERIFICATION ONLY
DEL_r2_c5,DEL,Delhi,2,5,28.5139,77.409,False,SYNTHETIC DATA — PIPELINE/CONSTRAINT VERIFICATION ONLY
DEL_r2_c6,DEL,Delhi,2,6,28.5139,77.509,False,SYNTHETIC DATA — PIPELINE/CONSTRAINT VERIFICATION ONLY
DEL_r3_c0,DEL,Delhi,3,0,28.6139,76.909,False,SYNTHETIC DATA — PIPELINE/CONSTRAINT VERIFICATION ONLY
DEL_r3_c1,DEL,Delhi,3,1,28.6139,77.009,False,SYNTHETIC DATA — PIPELINE/CONSTRAINT VERIFICATION ONLY
DEL_r3_c2,DEL,Delhi,3,2,28.6139,77.109,False,SYNTHETIC DATA — PIPELINE/CONSTRAINT VERIFICATION ONLY
DEL_r3_c3,DEL,Delhi,3,3,28.6139,77.209,True,SYNTHETIC DATA — PIPELINE/CONSTRAINT VERIFICATION ONLY
DEL_r3_c4,DEL,Delhi,3,4,28.6139,77.309,False,SYNTHETIC DATA — PIPELINE/CONSTRAINT VERIFICATION ONLY
DEL_r3_c5,DEL,Delhi,3,5,28.6139,77.409,False,SYNTHETIC DATA — PIPELINE/CONSTRAINT VERIFICATION ONLY
DEL_r3_c6,DEL,Delhi,3,6,28.6139,77.509,False,SYNTHETIC DATA — PIPELINE/CONSTRAINT VERIFICATION ONLY
DEL_r4_c0,DEL,Delhi,4,0,28.7139,76.909,False,SYNTHETIC DATA — PIPELINE/CONSTRAINT VERIFICATION ONLY
DEL_r4_c1,DEL,Delhi,4,1,28.7139,77.009,False,SYNTHETIC DATA — PIPELINE/CONSTRAINT VERIFICATION ONLY
DEL_r4_c2,DEL,Delhi,4,2,28.7139,77.109,False,SYNTHETIC DATA — PIPELINE/CONSTRAINT VERIFICATION ONLY
DEL_r4_c3,DEL,Delhi,4,3,28.7139,77.209,False,SYNTHETIC DATA — PIPELINE/CONSTRAINT VERIFICATION ONLY
DEL_r4_c4,DEL,Delhi,4,4,28.7139,77.309,False,SYNTHETIC DATA — PIPELINE/CONSTRAINT VERIFICATION ONLY
DEL_r4_c5,DEL,Delhi,4,5,28.7139,77.409,False,SYNTHETIC DATA — PIPELINE/CONSTRAINT VERIFICATION ONLY
DEL_r4_c6,DEL,Delhi,4,6,28.7139,77.509,False,SYNTHETIC DATA — PIPELINE/CONSTRAINT VERIFICATION ONLY
DEL_r5_c0,DEL,Delhi,5,0,28.8139,76.909,False,SYNTHETIC DATA — PIPELINE/CONSTRAINT VERIFICATION ONLY
DEL_r5_c1,DEL,Delhi,5,1,28.8139,77.009,False,SYNTHETIC DATA — PIPELINE/CONSTRAINT VERIFICATION ONLY
DEL_r5_c2,DEL,Delhi,5,2,28.8139,77.109,False,SYNTHETIC DATA — PIPELINE/CONSTRAINT VERIFICATION ONLY
DEL_r5_c3,DEL,Delhi,5,3,28.8139,77.209,False,SYNTHETIC DATA — PIPELINE/CONSTRAINT VERIFICATION ONLY
DEL_r5_c4,DEL,Delhi,5,4,28.8139,77.309,False,SYNTHETIC DATA — PIPELINE/CONSTRAINT VERIFICATION ONLY
DEL_r5_c5,DEL,Delhi,5,5,28.8139,77.409,False,SYNTHETIC DATA — PIPELINE/CONSTRAINT VERIFICATION ONLY
DEL_r5_c6,DEL,Delhi,5,6,28.8139,77.509,False,SYNTHETIC DATA — PIPELINE/CONSTRAINT VERIFICATION ONLY
DEL_r6_c0,DEL,Delhi,6,0,28.9139,76.909,False,SYNTHETIC DATA — PIPELINE/CONSTRAINT VERIFICATION ONLY
DEL_r6_c1,DEL,Delhi,6,1,28.9139,77.009,False,SYNTHETIC DATA — PIPELINE/CONSTRAINT VERIFICATION ONLY
DEL_r6_c2,DEL,Delhi,6,2,28.9139,77.109,False,SYNTHETIC DATA — PIPELINE/CONSTRAINT VERIFICATION ONLY
DEL_r6_c3,DEL,Delhi,6,3,28.9139,77.209,False,SYNTHETIC DATA — PIPELINE/CONSTRAINT VERIFICATION ONLY
DEL_r6_c4,DEL,Delhi,6,4,28.9139,77.309,False,SYNTHETIC DATA — PIPELINE/CONSTRAINT VERIFICATION ONLY
DEL_r6_c5,DEL,Delhi,6,5,28.9139,77.409,False,SYNTHETIC DATA — PIPELINE/CONSTRAINT VERIFICATION ONLY
DEL_r6_c6,DEL,Delhi,6,6,28.9139,77.509,False,SYNTHETIC DATA — PIPELINE/CONSTRAINT VERIFICATION ONLY
BOM_r0_c0,BOM,Mumbai,0,0,18.776,72.5777,False,SYNTHETIC DATA — PIPELINE/CONSTRAINT VERIFICATION ONLY
BOM_r0_c1,BOM,Mumbai,0,1,18.776,72.6777,False,SYNTHETIC DATA — PIPELINE/CONSTRAINT VERIFICATION ONLY
BOM_r0_c2,BOM,Mumbai,0,2,18.776,72.7777,False,SYNTHETIC DATA — PIPELINE/CONSTRAINT VERIFICATION ONLY
BOM_r0_c3,BOM,Mumbai,0,3,18.776,72.8777,False,SYNTHETIC DATA — PIPELINE/CONSTRAINT VERIFICATION ONLY
BOM_r0_c4,BOM,Mumbai,0,4,18.776,72.9777,False,SYNTHETIC DATA — PIPELINE/CONSTRAINT VERIFICATION ONLY
BOM_r0_c5,BOM,Mumbai,0,5,18.776,73.0777,False,SYNTHETIC DATA — PIPELINE/CONSTRAINT VERIFICATION ONLY
BOM_r0_c6,BOM,Mumbai,0,6,18.776,73.1777,False,SYNTHETIC DATA — PIPELINE/CONSTRAINT VERIFICATION ONLY
BOM_r1_c0,BOM,Mumbai,1,0,18.876,72.5777,False,SYNTHETIC DATA — PIPELINE/CONSTRAINT VERIFICATION ONLY
BOM_r1_c1,BOM,Mumbai,1,1,18.876,72.6777,False,SYNTHETIC DATA — PIPELINE/CONSTRAINT VERIFICATION ONLY
BOM_r1_c2,BOM,Mumbai,1,2,18.876,72.7777,False,SYNTHETIC DATA — PIPELINE/CONSTRAINT VERIFICATION ONLY
BOM_r1_c3,BOM,Mumbai,1,3,18.876,72.8777,False,SYNTHETIC DATA — PIPELINE/CONSTRAINT VERIFICATION ONLY
BOM_r1_c4,BOM,Mumbai,1,4,18.876,72.9777,False,SYNTHETIC DATA — PIPELINE/CONSTRAINT VERIFICATION ONLY
BOM_r1_c5,BOM,Mumbai,1,5,18.876,73.0777,False,SYNTHETIC DATA — PIPELINE/CONSTRAINT VERIFICATION ONLY
BOM_r1_c6,BOM,Mumbai,1,6,18.876,73.1777,False,SYNTHETIC DATA — PIPELINE/CONSTRAINT VERIFICATION ONLY
BOM_r2_c0,BOM,Mumbai,2,0,18.976,72.5777,False,SYNTHETIC DATA — PIPELINE/CONSTRAINT VERIFICATION ONLY
BOM_r2_c1,BOM,Mumbai,2,1,18.976,72.6777,False,SYNTHETIC DATA — PIPELINE/CONSTRAINT VERIFICATION ONLY
BOM_r2_c2,BOM,Mumbai,2,2,18.976,72.7777,False,SYNTHETIC DATA — PIPELINE/CONSTRAINT VERIFICATION ONLY
BOM_r2_c3,BOM,Mumbai,2,3,18.976,72.8777,False,SYNTHETIC DATA — PIPELINE/CONSTRAINT VERIFICATION ONLY
BOM_r2_c4,BOM,Mumbai,2,4,18.976,72.9777,False,SYNTHETIC DATA — PIPELINE/CONSTRAINT VERIFICATION ONLY
BOM_r2_c5,BOM,Mumbai,2,5,18.976,73.0777,False,SYNTHETIC DATA — PIPELINE/CONSTRAINT VERIFICATION ONLY
BOM_r2_c6,BOM,Mumbai,2,6,18.976,73.1777,False,SYNTHETIC DATA — PIPELINE/CONSTRAINT VERIFICATION ONLY
BOM_r3_c0,BOM,Mumbai,3,0,19.076,72.5777,False,SYNTHETIC DATA — PIPELINE/CONSTRAINT VERIFICATION ONLY
BOM_r3_c1,BOM,Mumbai,3,1,19.076,72.6777,False,SYNTHETIC DATA — PIPELINE/CONSTRAINT VERIFICATION ONLY
BOM_r3_c2,BOM,Mumbai,3,2,19.076,72.7777,False,SYNTHETIC DATA — PIPELINE/CONSTRAINT VERIFICATION ONLY
BOM_r3_c3,BOM,Mumbai,3,3,19.076,72.8777,True,SYNTHETIC DATA — PIPELINE/CONSTRAINT VERIFICATION ONLY
BOM_r3_c4,BOM,Mumbai,3,4,19.076,72.9777,False,SYNTHETIC DATA — PIPELINE/CONSTRAINT VERIFICATION ONLY
BOM_r3_c5,BOM,Mumbai,3,5,19.076,73.0777,False,SYNTHETIC DATA — PIPELINE/CONSTRAINT VERIFICATION ONLY
BOM_r3_c6,BOM,Mumbai,3,6,19.076,73.1777,False,SYNTHETIC DATA — PIPELINE/CONSTRAINT VERIFICATION ONLY
BOM_r4_c0,BOM,Mumbai,4,0,19.176,72.5777,False,SYNTHETIC DATA — PIPELINE/CONSTRAINT VERIFICATION ONLY
BOM_r4_c1,BOM,Mumbai,4,1,19.176,72.6777,False,SYNTHETIC DATA — PIPELINE/CONSTRAINT VERIFICATION ONLY
BOM_r4_c2,BOM,Mumbai,4,2,19.176,72.7777,False,SYNTHETIC DATA — PIPELINE/CONSTRAINT VERIFICATION ONLY
BOM_r4_c3,BOM,Mumbai,4,3,19.176,72.8777,False,SYNTHETIC DATA — PIPELINE/CONSTRAINT VERIFICATION ONLY
BOM_r4_c4,BOM,Mumbai,4,4,19.176,72.9777,False,SYNTHETIC DATA — PIPELINE/CONSTRAINT VERIFICATION ONLY
BOM_r4_c5,BOM,Mumbai,4,5,19.176,73.0777,False,SYNTHETIC DATA — PIPELINE/CONSTRAINT VERIFICATION ONLY
BOM_r4_c6,BOM,Mumbai,4,6,19.176,73.1777,False,SYNTHETIC DATA — PIPELINE/CONSTRAINT VERIFICATION ONLY
BOM_r5_c0,BOM,Mumbai,5,0,19.276,72.5777,False,SYNTHETIC DATA — PIPELINE/CONSTRAINT VERIFICATION ONLY
BOM_r5_c1,BOM,Mumbai,5,1,19.276,72.6777,False,SYNTHETIC DATA — PIPELINE/CONSTRAINT VERIFICATION ONLY
BOM_r5_c2,BOM,Mumbai,5,2,19.276,72.7777,False,SYNTHETIC DATA — PIPELINE/CONSTRAINT VERIFICATION ONLY
BOM_r5_c3,BOM,Mumbai,5,3,19.276,72.8777,False,SYNTHETIC DATA — PIPELINE/CONSTRAINT VERIFICATION ONLY
BOM_r5_c4,BOM,Mumbai,5,4,19.276,72.9777,False,SYNTHETIC DATA — PIPELINE/CONSTRAINT VERIFICATION ONLY
BOM_r5_c5,BOM,Mumbai,5,5,19.276,73.0777,False,SYNTHETIC DATA — PIPELINE/CONSTRAINT VERIFICATION ONLY
BOM_r5_c6,BOM,Mumbai,5,6,19.276,73.1777,False,SYNTHETIC DATA — PIPELINE/CONSTRAINT VERIFICATION ONLY
BOM_r6_c0,BOM,Mumbai,6,0,19.376,72.5777,False,SYNTHETIC DATA — PIPELINE/CONSTRAINT VERIFICATION ONLY
BOM_r6_c1,BOM,Mumbai,6,1,19.376,72.6777,False,SYNTHETIC DATA — PIPELINE/CONSTRAINT VERIFICATION ONLY
BOM_r6_c2,BOM,Mumbai,6,2,19.376,72.7777,False,SYNTHETIC DATA — PIPELINE/CONSTRAINT VERIFICATION ONLY
BOM_r6_c3,BOM,Mumbai,6,3,19.376,72.8777,False,SYNTHETIC DATA — PIPELINE/CONSTRAINT VERIFICATION ONLY
BOM_r6_c4,BOM,Mumbai,6,4,19.376,72.9777,False,SYNTHETIC DATA — PIPELINE/CONSTRAINT VERIFICATION ONLY
BOM_r6_c5,BOM,Mumbai,6,5,19.376,73.0777,False,SYNTHETIC DATA — PIPELINE/CONSTRAINT VERIFICATION ONLY
BOM_r6_c6,BOM,Mumbai,6,6,19.376,73.1777,False,SYNTHETIC DATA — PIPELINE/CONSTRAINT VERIFICATION ONLY
LKO_r0_c0,LKO,Lucknow,0,0,26.5467,80.6462,False,SYNTHETIC DATA — PIPELINE/CONSTRAINT VERIFICATION ONLY
LKO_r0_c1,LKO,Lucknow,0,1,26.5467,80.7462,False,SYNTHETIC DATA — PIPELINE/CONSTRAINT VERIFICATION ONLY
LKO_r0_c2,LKO,Lucknow,0,2,26.5467,80.8462,False,SYNTHETIC DATA — PIPELINE/CONSTRAINT VERIFICATION ONLY
LKO_r0_c3,LKO,Lucknow,0,3,26.5467,80.9462,False,SYNTHETIC DATA — PIPELINE/CONSTRAINT VERIFICATION ONLY
LKO_r0_c4,LKO,Lucknow,0,4,26.5467,81.0462,False,SYNTHETIC DATA — PIPELINE/CONSTRAINT VERIFICATION ONLY
LKO_r0_c5,LKO,Lucknow,0,5,26.5467,81.1462,False,SYNTHETIC DATA — PIPELINE/CONSTRAINT VERIFICATION ONLY
LKO_r0_c6,LKO,Lucknow,0,6,26.5467,81.2462,False,SYNTHETIC DATA — PIPELINE/CONSTRAINT VERIFICATION ONLY
LKO_r1_c0,LKO,Lucknow,1,0,26.6467,80.6462,False,SYNTHETIC DATA — PIPELINE/CONSTRAINT VERIFICATION ONLY
LKO_r1_c1,LKO,Lucknow,1,1,26.6467,80.7462,False,SYNTHETIC DATA — PIPELINE/CONSTRAINT VERIFICATION ONLY
LKO_r1_c2,LKO,Lucknow,1,2,26.6467,80.8462,False,SYNTHETIC DATA — PIPELINE/CONSTRAINT VERIFICATION ONLY
LKO_r1_c3,LKO,Lucknow,1,3,26.6467,80.9462,False,SYNTHETIC DATA — PIPELINE/CONSTRAINT VERIFICATION ONLY
LKO_r1_c4,LKO,Lucknow,1,4,26.6467,81.0462,False,SYNTHETIC DATA — PIPELINE/CONSTRAINT VERIFICATION ONLY
LKO_r1_c5,LKO,Lucknow,1,5,26.6467,81.1462,False,SYNTHETIC DATA — PIPELINE/CONSTRAINT VERIFICATION ONLY
LKO_r1_c6,LKO,Lucknow,1,6,26.6467,81.2462,False,SYNTHETIC DATA — PIPELINE/CONSTRAINT VERIFICATION ONLY
LKO_r2_c0,LKO,Lucknow,2,0,26.7467,80.6462,False,SYNTHETIC DATA — PIPELINE/CONSTRAINT VERIFICATION ONLY
LKO_r2_c1,LKO,Lucknow,2,1,26.7467,80.7462,False,SYNTHETIC DATA — PIPELINE/CONSTRAINT VERIFICATION ONLY
LKO_r2_c2,LKO,Lucknow,2,2,26.7467,80.8462,False,SYNTHETIC DATA — PIPELINE/CONSTRAINT VERIFICATION ONLY
LKO_r2_c3,LKO,Lucknow,2,3,26.7467,80.9462,False,SYNTHETIC DATA — PIPELINE/CONSTRAINT VERIFICATION ONLY
LKO_r2_c4,LKO,Lucknow,2,4,26.7467,81.0462,False,SYNTHETIC DATA — PIPELINE/CONSTRAINT VERIFICATION ONLY
LKO_r2_c5,LKO,Lucknow,2,5,26.7467,81.1462,False,SYNTHETIC DATA — PIPELINE/CONSTRAINT VERIFICATION ONLY
LKO_r2_c6,LKO,Lucknow,2,6,26.7467,81.2462,False,SYNTHETIC DATA — PIPELINE/CONSTRAINT VERIFICATION ONLY
LKO_r3_c0,LKO,Lucknow,3,0,26.8467,80.6462,False,SYNTHETIC DATA — PIPELINE/CONSTRAINT VERIFICATION ONLY
LKO_r3_c1,LKO,Lucknow,3,1,26.8467,80.7462,False,SYNTHETIC DATA — PIPELINE/CONSTRAINT VERIFICATION ONLY
LKO_r3_c2,LKO,Lucknow,3,2,26.8467,80.8462,False,SYNTHETIC DATA — PIPELINE/CONSTRAINT VERIFICATION ONLY
LKO_r3_c3,LKO,Lucknow,3,3,26.8467,80.9462,True,SYNTHETIC DATA — PIPELINE/CONSTRAINT VERIFICATION ONLY
LKO_r3_c4,LKO,Lucknow,3,4,26.8467,81.0462,False,SYNTHETIC DATA — PIPELINE/CONSTRAINT VERIFICATION ONLY
LKO_r3_c5,LKO,Lucknow,3,5,26.8467,81.1462,False,SYNTHETIC DATA — PIPELINE/CONSTRAINT VERIFICATION ONLY
LKO_r3_c6,LKO,Lucknow,3,6,26.8467,81.2462,False,SYNTHETIC DATA — PIPELINE/CONSTRAINT VERIFICATION ONLY
LKO_r4_c0,LKO,Lucknow,4,0,26.9467,80.6462,False,SYNTHETIC DATA — PIPELINE/CONSTRAINT VERIFICATION ONLY
LKO_r4_c1,LKO,Lucknow,4,1,26.9467,80.7462,False,SYNTHETIC DATA — PIPELINE/CONSTRAINT VERIFICATION ONLY
LKO_r4_c2,LKO,Lucknow,4,2,26.9467,80.8462,False,SYNTHETIC DATA — PIPELINE/CONSTRAINT VERIFICATION ONLY
LKO_r4_c3,LKO,Lucknow,4,3,26.9467,80.9462,False,SYNTHETIC DATA — PIPELINE/CONSTRAINT VERIFICATION ONLY
LKO_r4_c4,LKO,Lucknow,4,4,26.9467,81.0462,False,SYNTHETIC DATA — PIPELINE/CONSTRAINT VERIFICATION ONLY
LKO_r4_c5,LKO,Lucknow,4,5,26.9467,81.1462,False,SYNTHETIC DATA — PIPELINE/CONSTRAINT VERIFICATION ONLY
LKO_r4_c6,LKO,Lucknow,4,6,26.9467,81.2462,False,SYNTHETIC DATA — PIPELINE/CONSTRAINT VERIFICATION ONLY
LKO_r5_c0,LKO,Lucknow,5,0,27.0467,80.6462,False,SYNTHETIC DATA — PIPELINE/CONSTRAINT VERIFICATION ONLY
LKO_r5_c1,LKO,Lucknow,5,1,27.0467,80.7462,False,SYNTHETIC DATA — PIPELINE/CONSTRAINT VERIFICATION ONLY
LKO_r5_c2,LKO,Lucknow,5,2,27.0467,80.8462,False,SYNTHETIC DATA — PIPELINE/CONSTRAINT VERIFICATION ONLY
LKO_r5_c3,LKO,Lucknow,5,3,27.0467,80.9462,False,SYNTHETIC DATA — PIPELINE/CONSTRAINT VERIFICATION ONLY
LKO_r5_c4,LKO,Lucknow,5,4,27.0467,81.0462,False,SYNTHETIC DATA — PIPELINE/CONSTRAINT VERIFICATION ONLY
LKO_r5_c5,LKO,Lucknow,5,5,27.0467,81.1462,False,SYNTHETIC DATA — PIPELINE/CONSTRAINT VERIFICATION ONLY
LKO_r5_c6,LKO,Lucknow,5,6,27.0467,81.2462,False,SYNTHETIC DATA — PIPELINE/CONSTRAINT VERIFICATION ONLY
LKO_r6_c0,LKO,Lucknow,6,0,27.1467,80.6462,False,SYNTHETIC DATA — PIPELINE/CONSTRAINT VERIFICATION ONLY
LKO_r6_c1,LKO,Lucknow,6,1,27.1467,80.7462,False,SYNTHETIC DATA — PIPELINE/CONSTRAINT VERIFICATION ONLY
LKO_r6_c2,LKO,Lucknow,6,2,27.1467,80.8462,False,SYNTHETIC DATA — PIPELINE/CONSTRAINT VERIFICATION ONLY
LKO_r6_c3,LKO,Lucknow,6,3,27.1467,80.9462,False,SYNTHETIC DATA — PIPELINE/CONSTRAINT VERIFICATION ONLY
LKO_r6_c4,LKO,Lucknow,6,4,27.1467,81.0462,False,SYNTHETIC DATA — PIPELINE/CONSTRAINT VERIFICATION ONLY
LKO_r6_c5,LKO,Lucknow,6,5,27.1467,81.1462,False,SYNTHETIC DATA — PIPELINE/CONSTRAINT VERIFICATION ONLY
LKO_r6_c6,LKO,Lucknow,6,6,27.1467,81.2462,False,SYNTHETIC DATA — PIPELINE/CONSTRAINT VERIFICATION ONLY
VNS_r0_c0,VNS,Varanasi,0,0,25.0176,82.6739,False,SYNTHETIC DATA — PIPELINE/CONSTRAINT VERIFICATION ONLY
VNS_r0_c1,VNS,Varanasi,0,1,25.0176,82.7739,False,SYNTHETIC DATA — PIPELINE/CONSTRAINT VERIFICATION ONLY
VNS_r0_c2,VNS,Varanasi,0,2,25.0176,82.8739,False,SYNTHETIC DATA — PIPELINE/CONSTRAINT VERIFICATION ONLY
VNS_r0_c3,VNS,Varanasi,0,3,25.0176,82.9739,False,SYNTHETIC DATA — PIPELINE/CONSTRAINT VERIFICATION ONLY
VNS_r0_c4,VNS,Varanasi,0,4,25.0176,83.0739,False,SYNTHETIC DATA — PIPELINE/CONSTRAINT VERIFICATION ONLY
VNS_r0_c5,VNS,Varanasi,0,5,25.0176,83.1739,False,SYNTHETIC DATA — PIPELINE/CONSTRAINT VERIFICATION ONLY
VNS_r0_c6,VNS,Varanasi,0,6,25.0176,83.2739,False,SYNTHETIC DATA — PIPELINE/CONSTRAINT VERIFICATION ONLY
VNS_r1_c0,VNS,Varanasi,1,0,25.1176,82.6739,False,SYNTHETIC DATA — PIPELINE/CONSTRAINT VERIFICATION ONLY
VNS_r1_c1,VNS,Varanasi,1,1,25.1176,82.7739,False,SYNTHETIC DATA — PIPELINE/CONSTRAINT VERIFICATION ONLY
VNS_r1_c2,VNS,Varanasi,1,2,25.1176,82.8739,False,SYNTHETIC DATA — PIPELINE/CONSTRAINT VERIFICATION ONLY
VNS_r1_c3,VNS,Varanasi,1,3,25.1176,82.9739,False,SYNTHETIC DATA — PIPELINE/CONSTRAINT VERIFICATION ONLY
VNS_r1_c4,VNS,Varanasi,1,4,25.1176,83.0739,False,SYNTHETIC DATA — PIPELINE/CONSTRAINT VERIFICATION ONLY
VNS_r1_c5,VNS,Varanasi,1,5,25.1176,83.1739,False,SYNTHETIC DATA — PIPELINE/CONSTRAINT VERIFICATION ONLY
VNS_r1_c6,VNS,Varanasi,1,6,25.1176,83.2739,False,SYNTHETIC DATA — PIPELINE/CONSTRAINT VERIFICATION ONLY
VNS_r2_c0,VNS,Varanasi,2,0,25.2176,82.6739,False,SYNTHETIC DATA — PIPELINE/CONSTRAINT VERIFICATION ONLY
VNS_r2_c1,VNS,Varanasi,2,1,25.2176,82.7739,False,SYNTHETIC DATA — PIPELINE/CONSTRAINT VERIFICATION ONLY
VNS_r2_c2,VNS,Varanasi,2,2,25.2176,82.8739,False,SYNTHETIC DATA — PIPELINE/CONSTRAINT VERIFICATION ONLY
VNS_r2_c3,VNS,Varanasi,2,3,25.2176,82.9739,False,SYNTHETIC DATA — PIPELINE/CONSTRAINT VERIFICATION ONLY
VNS_r2_c4,VNS,Varanasi,2,4,25.2176,83.0739,False,SYNTHETIC DATA — PIPELINE/CONSTRAINT VERIFICATION ONLY
VNS_r2_c5,VNS,Varanasi,2,5,25.2176,83.1739,False,SYNTHETIC DATA — PIPELINE/CONSTRAINT VERIFICATION ONLY
VNS_r2_c6,VNS,Varanasi,2,6,25.2176,83.2739,False,SYNTHETIC DATA — PIPELINE/CONSTRAINT VERIFICATION ONLY
VNS_r3_c0,VNS,Varanasi,3,0,25.3176,82.6739,False,SYNTHETIC DATA — PIPELINE/CONSTRAINT VERIFICATION ONLY
VNS_r3_c1,VNS,Varanasi,3,1,25.3176,82.7739,False,SYNTHETIC DATA — PIPELINE/CONSTRAINT VERIFICATION ONLY
VNS_r3_c2,VNS,Varanasi,3,2,25.3176,82.8739,False,SYNTHETIC DATA — PIPELINE/CONSTRAINT VERIFICATION ONLY
VNS_r3_c3,VNS,Varanasi,3,3,25.3176,82.9739,True,SYNTHETIC DATA — PIPELINE/CONSTRAINT VERIFICATION ONLY
VNS_r3_c4,VNS,Varanasi,3,4,25.3176,83.0739,False,SYNTHETIC DATA — PIPELINE/CONSTRAINT VERIFICATION ONLY
VNS_r3_c5,VNS,Varanasi,3,5,25.3176,83.1739,False,SYNTHETIC DATA — PIPELINE/CONSTRAINT VERIFICATION ONLY
VNS_r3_c6,VNS,Varanasi,3,6,25.3176,83.2739,False,SYNTHETIC DATA — PIPELINE/CONSTRAINT VERIFICATION ONLY
VNS_r4_c0,VNS,Varanasi,4,0,25.4176,82.6739,False,SYNTHETIC DATA — PIPELINE/CONSTRAINT VERIFICATION ONLY
VNS_r4_c1,VNS,Varanasi,4,1,25.4176,82.7739,False,SYNTHETIC DATA — PIPELINE/CONSTRAINT VERIFICATION ONLY
VNS_r4_c2,VNS,Varanasi,4,2,25.4176,82.8739,False,SYNTHETIC DATA — PIPELINE/CONSTRAINT VERIFICATION ONLY
VNS_r4_c3,VNS,Varanasi,4,3,25.4176,82.9739,False,SYNTHETIC DATA — PIPELINE/CONSTRAINT VERIFICATION ONLY
VNS_r4_c4,VNS,Varanasi,4,4,25.4176,83.0739,False,SYNTHETIC DATA — PIPELINE/CONSTRAINT VERIFICATION ONLY
VNS_r4_c5,VNS,Varanasi,4,5,25.4176,83.1739,False,SYNTHETIC DATA — PIPELINE/CONSTRAINT VERIFICATION ONLY
VNS_r4_c6,VNS,Varanasi,4,6,25.4176,83.2739,False,SYNTHETIC DATA — PIPELINE/CONSTRAINT VERIFICATION ONLY
VNS_r5_c0,VNS,Varanasi,5,0,25.5176,82.6739,False,SYNTHETIC DATA — PIPELINE/CONSTRAINT VERIFICATION ONLY
VNS_r5_c1,VNS,Varanasi,5,1,25.5176,82.7739,False,SYNTHETIC DATA — PIPELINE/CONSTRAINT VERIFICATION ONLY
VNS_r5_c2,VNS,Varanasi,5,2,25.5176,82.8739,False,SYNTHETIC DATA — PIPELINE/CONSTRAINT VERIFICATION ONLY
VNS_r5_c3,VNS,Varanasi,5,3,25.5176,82.9739,False,SYNTHETIC DATA — PIPELINE/CONSTRAINT VERIFICATION ONLY
VNS_r5_c4,VNS,Varanasi,5,4,25.5176,83.0739,False,SYNTHETIC DATA — PIPELINE/CONSTRAINT VERIFICATION ONLY
VNS_r5_c5,VNS,Varanasi,5,5,25.5176,83.1739,False,SYNTHETIC DATA — PIPELINE/CONSTRAINT VERIFICATION ONLY
VNS_r5_c6,VNS,Varanasi,5,6,25.5176,83.2739,False,SYNTHETIC DATA — PIPELINE/CONSTRAINT VERIFICATION ONLY
VNS_r6_c0,VNS,Varanasi,6,0,25.6176,82.6739,False,SYNTHETIC DATA — PIPELINE/CONSTRAINT VERIFICATION ONLY
VNS_r6_c1,VNS,Varanasi,6,1,25.6176,82.7739,False,SYNTHETIC DATA — PIPELINE/CONSTRAINT VERIFICATION ONLY
VNS_r6_c2,VNS,Varanasi,6,2,25.6176,82.8739,False,SYNTHETIC DATA — PIPELINE/CONSTRAINT VERIFICATION ONLY
VNS_r6_c3,VNS,Varanasi,6,3,25.6176,82.9739,False,SYNTHETIC DATA — PIPELINE/CONSTRAINT VERIFICATION ONLY
VNS_r6_c4,VNS,Varanasi,6,4,25.6176,83.0739,False,SYNTHETIC DATA — PIPELINE/CONSTRAINT VERIFICATION ONLY
VNS_r6_c5,VNS,Varanasi,6,5,25.6176,83.1739,False,SYNTHETIC DATA — PIPELINE/CONSTRAINT VERIFICATION ONLY
VNS_r6_c6,VNS,Varanasi,6,6,25.6176,83.2739,False,SYNTHETIC DATA — PIPELINE/CONSTRAINT VERIFICATION ONLY
JAI_r0_c0,JAI,Jaipur,0,0,26.6124,75.4873,False,SYNTHETIC DATA — PIPELINE/CONSTRAINT VERIFICATION ONLY
JAI_r0_c1,JAI,Jaipur,0,1,26.6124,75.5873,False,SYNTHETIC DATA — PIPELINE/CONSTRAINT VERIFICATION ONLY
JAI_r0_c2,JAI,Jaipur,0,2,26.6124,75.6873,False,SYNTHETIC DATA — PIPELINE/CONSTRAINT VERIFICATION ONLY
JAI_r0_c3,JAI,Jaipur,0,3,26.6124,75.7873,False,SYNTHETIC DATA — PIPELINE/CONSTRAINT VERIFICATION ONLY
JAI_r0_c4,JAI,Jaipur,0,4,26.6124,75.8873,False,SYNTHETIC DATA — PIPELINE/CONSTRAINT VERIFICATION ONLY
JAI_r0_c5,JAI,Jaipur,0,5,26.6124,75.9873,False,SYNTHETIC DATA — PIPELINE/CONSTRAINT VERIFICATION ONLY
JAI_r0_c6,JAI,Jaipur,0,6,26.6124,76.0873,False,SYNTHETIC DATA — PIPELINE/CONSTRAINT VERIFICATION ONLY
JAI_r1_c0,JAI,Jaipur,1,0,26.7124,75.4873,False,SYNTHETIC DATA — PIPELINE/CONSTRAINT VERIFICATION ONLY
JAI_r1_c1,JAI,Jaipur,1,1,26.7124,75.5873,False,SYNTHETIC DATA — PIPELINE/CONSTRAINT VERIFICATION ONLY
JAI_r1_c2,JAI,Jaipur,1,2,26.7124,75.6873,False,SYNTHETIC DATA — PIPELINE/CONSTRAINT VERIFICATION ONLY
JAI_r1_c3,JAI,Jaipur,1,3,26.7124,75.7873,False,SYNTHETIC DATA — PIPELINE/CONSTRAINT VERIFICATION ONLY
JAI_r1_c4,JAI,Jaipur,1,4,26.7124,75.8873,False,SYNTHETIC DATA — PIPELINE/CONSTRAINT VERIFICATION ONLY
JAI_r1_c5,JAI,Jaipur,1,5,26.7124,75.9873,False,SYNTHETIC DATA — PIPELINE/CONSTRAINT VERIFICATION ONLY
JAI_r1_c6,JAI,Jaipur,1,6,26.7124,76.0873,False,SYNTHETIC DATA — PIPELINE/CONSTRAINT VERIFICATION ONLY
JAI_r2_c0,JAI,Jaipur,2,0,26.8124,75.4873,False,SYNTHETIC DATA — PIPELINE/CONSTRAINT VERIFICATION ONLY
JAI_r2_c1,JAI,Jaipur,2,1,26.8124,75.5873,False,SYNTHETIC DATA — PIPELINE/CONSTRAINT VERIFICATION ONLY
JAI_r2_c2,JAI,Jaipur,2,2,26.8124,75.6873,False,SYNTHETIC DATA — PIPELINE/CONSTRAINT VERIFICATION ONLY
JAI_r2_c3,JAI,Jaipur,2,3,26.8124,75.7873,False,SYNTHETIC DATA — PIPELINE/CONSTRAINT VERIFICATION ONLY
JAI_r2_c4,JAI,Jaipur,2,4,26.8124,75.8873,False,SYNTHETIC DATA — PIPELINE/CONSTRAINT VERIFICATION ONLY
JAI_r2_c5,JAI,Jaipur,2,5,26.8124,75.9873,False,SYNTHETIC DATA — PIPELINE/CONSTRAINT VERIFICATION ONLY
JAI_r2_c6,JAI,Jaipur,2,6,26.8124,76.0873,False,SYNTHETIC DATA — PIPELINE/CONSTRAINT VERIFICATION ONLY
JAI_r3_c0,JAI,Jaipur,3,0,26.9124,75.4873,False,SYNTHETIC DATA — PIPELINE/CONSTRAINT VERIFICATION ONLY
JAI_r3_c1,JAI,Jaipur,3,1,26.9124,75.5873,False,SYNTHETIC DATA — PIPELINE/CONSTRAINT VERIFICATION ONLY
JAI_r3_c2,JAI,Jaipur,3,2,26.9124,75.6873,False,SYNTHETIC DATA — PIPELINE/CONSTRAINT VERIFICATION ONLY
JAI_r3_c3,JAI,Jaipur,3,3,26.9124,75.7873,True,SYNTHETIC DATA — PIPELINE/CONSTRAINT VERIFICATION ONLY
JAI_r3_c4,JAI,Jaipur,3,4,26.9124,75.8873,False,SYNTHETIC DATA — PIPELINE/CONSTRAINT VERIFICATION ONLY
JAI_r3_c5,JAI,Jaipur,3,5,26.9124,75.9873,False,SYNTHETIC DATA — PIPELINE/CONSTRAINT VERIFICATION ONLY
JAI_r3_c6,JAI,Jaipur,3,6,26.9124,76.0873,False,SYNTHETIC DATA — PIPELINE/CONSTRAINT VERIFICATION ONLY
JAI_r4_c0,JAI,Jaipur,4,0,27.0124,75.4873,False,SYNTHETIC DATA — PIPELINE/CONSTRAINT VERIFICATION ONLY
JAI_r4_c1,JAI,Jaipur,4,1,27.0124,75.5873,False,SYNTHETIC DATA — PIPELINE/CONSTRAINT VERIFICATION ONLY
JAI_r4_c2,JAI,Jaipur,4,2,27.0124,75.6873,False,SYNTHETIC DATA — PIPELINE/CONSTRAINT VERIFICATION ONLY
JAI_r4_c3,JAI,Jaipur,4,3,27.0124,75.7873,False,SYNTHETIC DATA — PIPELINE/CONSTRAINT VERIFICATION ONLY
JAI_r4_c4,JAI,Jaipur,4,4,27.0124,75.8873,False,SYNTHETIC DATA — PIPELINE/CONSTRAINT VERIFICATION ONLY
JAI_r4_c5,JAI,Jaipur,4,5,27.0124,75.9873,False,SYNTHETIC DATA — PIPELINE/CONSTRAINT VERIFICATION ONLY
JAI_r4_c6,JAI,Jaipur,4,6,27.0124,76.0873,False,SYNTHETIC DATA — PIPELINE/CONSTRAINT VERIFICATION ONLY
JAI_r5_c0,JAI,Jaipur,5,0,27.1124,75.4873,False,SYNTHETIC DATA — PIPELINE/CONSTRAINT VERIFICATION ONLY
JAI_r5_c1,JAI,Jaipur,5,1,27.1124,75.5873,False,SYNTHETIC DATA — PIPELINE/CONSTRAINT VERIFICATION ONLY
JAI_r5_c2,JAI,Jaipur,5,2,27.1124,75.6873,False,SYNTHETIC DATA — PIPELINE/CONSTRAINT VERIFICATION ONLY
JAI_r5_c3,JAI,Jaipur,5,3,27.1124,75.7873,False,SYNTHETIC DATA — PIPELINE/CONSTRAINT VERIFICATION ONLY
JAI_r5_c4,JAI,Jaipur,5,4,27.1124,75.8873,False,SYNTHETIC DATA — PIPELINE/CONSTRAINT VERIFICATION ONLY
JAI_r5_c5,JAI,Jaipur,5,5,27.1124,75.9873,False,SYNTHETIC DATA — PIPELINE/CONSTRAINT VERIFICATION ONLY
JAI_r5_c6,JAI,Jaipur,5,6,27.1124,76.0873,False,SYNTHETIC DATA — PIPELINE/CONSTRAINT VERIFICATION ONLY
JAI_r6_c0,JAI,Jaipur,6,0,27.2124,75.4873,False,SYNTHETIC DATA — PIPELINE/CONSTRAINT VERIFICATION ONLY
JAI_r6_c1,JAI,Jaipur,6,1,27.2124,75.5873,False,SYNTHETIC DATA — PIPELINE/CONSTRAINT VERIFICATION ONLY
JAI_r6_c2,JAI,Jaipur,6,2,27.2124,75.6873,False,SYNTHETIC DATA — PIPELINE/CONSTRAINT VERIFICATION ONLY
JAI_r6_c3,JAI,Jaipur,6,3,27.2124,75.7873,False,SYNTHETIC DATA — PIPELINE/CONSTRAINT VERIFICATION ONLY
JAI_r6_c4,JAI,Jaipur,6,4,27.2124,75.8873,False,SYNTHETIC DATA — PIPELINE/CONSTRAINT VERIFICATION ONLY
JAI_r6_c5,JAI,Jaipur,6,5,27.2124,75.9873,False,SYNTHETIC DATA — PIPELINE/CONSTRAINT VERIFICATION ONLY
JAI_r6_c6,JAI,Jaipur,6,6,27.2124,76.0873,False,SYNTHETIC DATA — PIPELINE/CONSTRAINT VERIFICATION ONLY
AMD_r0_c0,AMD,Ahmedabad,0,0,22.7225,72.2714,False,SYNTHETIC DATA — PIPELINE/CONSTRAINT VERIFICATION ONLY
AMD_r0_c1,AMD,Ahmedabad,0,1,22.7225,72.3714,False,SYNTHETIC DATA — PIPELINE/CONSTRAINT VERIFICATION ONLY
AMD_r0_c2,AMD,Ahmedabad,0,2,22.7225,72.4714,False,SYNTHETIC DATA — PIPELINE/CONSTRAINT VERIFICATION ONLY
AMD_r0_c3,AMD,Ahmedabad,0,3,22.7225,72.5714,False,SYNTHETIC DATA — PIPELINE/CONSTRAINT VERIFICATION ONLY
AMD_r0_c4,AMD,Ahmedabad,0,4,22.7225,72.6714,False,SYNTHETIC DATA — PIPELINE/CONSTRAINT VERIFICATION ONLY
AMD_r0_c5,AMD,Ahmedabad,0,5,22.7225,72.7714,False,SYNTHETIC DATA — PIPELINE/CONSTRAINT VERIFICATION ONLY
AMD_r0_c6,AMD,Ahmedabad,0,6,22.7225,72.8714,False,SYNTHETIC DATA — PIPELINE/CONSTRAINT VERIFICATION ONLY
AMD_r1_c0,AMD,Ahmedabad,1,0,22.8225,72.2714,False,SYNTHETIC DATA — PIPELINE/CONSTRAINT VERIFICATION ONLY
AMD_r1_c1,AMD,Ahmedabad,1,1,22.8225,72.3714,False,SYNTHETIC DATA — PIPELINE/CONSTRAINT VERIFICATION ONLY
AMD_r1_c2,AMD,Ahmedabad,1,2,22.8225,72.4714,False,SYNTHETIC DATA — PIPELINE/CONSTRAINT VERIFICATION ONLY
AMD_r1_c3,AMD,Ahmedabad,1,3,22.8225,72.5714,False,SYNTHETIC DATA — PIPELINE/CONSTRAINT VERIFICATION ONLY
AMD_r1_c4,AMD,Ahmedabad,1,4,22.8225,72.6714,False,SYNTHETIC DATA — PIPELINE/CONSTRAINT VERIFICATION ONLY
AMD_r1_c5,AMD,Ahmedabad,1,5,22.8225,72.7714,False,SYNTHETIC DATA — PIPELINE/CONSTRAINT VERIFICATION ONLY
AMD_r1_c6,AMD,Ahmedabad,1,6,22.8225,72.8714,False,SYNTHETIC DATA — PIPELINE/CONSTRAINT VERIFICATION ONLY
AMD_r2_c0,AMD,Ahmedabad,2,0,22.9225,72.2714,False,SYNTHETIC DATA — PIPELINE/CONSTRAINT VERIFICATION ONLY
AMD_r2_c1,AMD,Ahmedabad,2,1,22.9225,72.3714,False,SYNTHETIC DATA — PIPELINE/CONSTRAINT VERIFICATION ONLY
AMD_r2_c2,AMD,Ahmedabad,2,2,22.9225,72.4714,False,SYNTHETIC DATA — PIPELINE/CONSTRAINT VERIFICATION ONLY
AMD_r2_c3,AMD,Ahmedabad,2,3,22.9225,72.5714,False,SYNTHETIC DATA — PIPELINE/CONSTRAINT VERIFICATION ONLY
AMD_r2_c4,AMD,Ahmedabad,2,4,22.9225,72.6714,False,SYNTHETIC DATA — PIPELINE/CONSTRAINT VERIFICATION ONLY
AMD_r2_c5,AMD,Ahmedabad,2,5,22.9225,72.7714,False,SYNTHETIC DATA — PIPELINE/CONSTRAINT VERIFICATION ONLY
AMD_r2_c6,AMD,Ahmedabad,2,6,22.9225,72.8714,False,SYNTHETIC DATA — PIPELINE/CONSTRAINT VERIFICATION ONLY
AMD_r3_c0,AMD,Ahmedabad,3,0,23.0225,72.2714,False,SYNTHETIC DATA — PIPELINE/CONSTRAINT VERIFICATION ONLY
AMD_r3_c1,AMD,Ahmedabad,3,1,23.0225,72.3714,False,SYNTHETIC DATA — PIPELINE/CONSTRAINT VERIFICATION ONLY
AMD_r3_c2,AMD,Ahmedabad,3,2,23.0225,72.4714,False,SYNTHETIC DATA — PIPELINE/CONSTRAINT VERIFICATION ONLY
AMD_r3_c3,AMD,Ahmedabad,3,3,23.0225,72.5714,True,SYNTHETIC DATA — PIPELINE/CONSTRAINT VERIFICATION ONLY
AMD_r3_c4,AMD,Ahmedabad,3,4,23.0225,72.6714,False,SYNTHETIC DATA — PIPELINE/CONSTRAINT VERIFICATION ONLY
AMD_r3_c5,AMD,Ahmedabad,3,5,23.0225,72.7714,False,SYNTHETIC DATA — PIPELINE/CONSTRAINT VERIFICATION ONLY
AMD_r3_c6,AMD,Ahmedabad,3,6,23.0225,72.8714,False,SYNTHETIC DATA — PIPELINE/CONSTRAINT VERIFICATION ONLY
AMD_r4_c0,AMD,Ahmedabad,4,0,23.1225,72.2714,False,SYNTHETIC DATA — PIPELINE/CONSTRAINT VERIFICATION ONLY
AMD_r4_c1,AMD,Ahmedabad,4,1,23.1225,72.3714,False,SYNTHETIC DATA — PIPELINE/CONSTRAINT VERIFICATION ONLY
AMD_r4_c2,AMD,Ahmedabad,4,2,23.1225,72.4714,False,SYNTHETIC DATA — PIPELINE/CONSTRAINT VERIFICATION ONLY
AMD_r4_c3,AMD,Ahmedabad,4,3,23.1225,72.5714,False,SYNTHETIC DATA — PIPELINE/CONSTRAINT VERIFICATION ONLY
AMD_r4_c4,AMD,Ahmedabad,4,4,23.1225,72.6714,False,SYNTHETIC DATA — PIPELINE/CONSTRAINT VERIFICATION ONLY
AMD_r4_c5,AMD,Ahmedabad,4,5,23.1225,72.7714,False,SYNTHETIC DATA — PIPELINE/CONSTRAINT VERIFICATION ONLY
AMD_r4_c6,AMD,Ahmedabad,4,6,23.1225,72.8714,False,SYNTHETIC DATA — PIPELINE/CONSTRAINT VERIFICATION ONLY
AMD_r5_c0,AMD,Ahmedabad,5,0,23.2225,72.2714,False,SYNTHETIC DATA — PIPELINE/CONSTRAINT VERIFICATION ONLY
AMD_r5_c1,AMD,Ahmedabad,5,1,23.2225,72.3714,False,SYNTHETIC DATA — PIPELINE/CONSTRAINT VERIFICATION ONLY
AMD_r5_c2,AMD,Ahmedabad,5,2,23.2225,72.4714,False,SYNTHETIC DATA — PIPELINE/CONSTRAINT VERIFICATION ONLY
AMD_r5_c3,AMD,Ahmedabad,5,3,23.2225,72.5714,False,SYNTHETIC DATA — PIPELINE/CONSTRAINT VERIFICATION ONLY
AMD_r5_c4,AMD,Ahmedabad,5,4,23.2225,72.6714,False,SYNTHETIC DATA — PIPELINE/CONSTRAINT VERIFICATION ONLY
AMD_r5_c5,AMD,Ahmedabad,5,5,23.2225,72.7714,False,SYNTHETIC DATA — PIPELINE/CONSTRAINT VERIFICATION ONLY
AMD_r5_c6,AMD,Ahmedabad,5,6,23.2225,72.8714,False,SYNTHETIC DATA — PIPELINE/CONSTRAINT VERIFICATION ONLY
AMD_r6_c0,AMD,Ahmedabad,6,0,23.3225,72.2714,False,SYNTHETIC DATA — PIPELINE/CONSTRAINT VERIFICATION ONLY
AMD_r6_c1,AMD,Ahmedabad,6,1,23.3225,72.3714,False,SYNTHETIC DATA — PIPELINE/CONSTRAINT VERIFICATION ONLY
AMD_r6_c2,AMD,Ahmedabad,6,2,23.3225,72.4714,False,SYNTHETIC DATA — PIPELINE/CONSTRAINT VERIFICATION ONLY
AMD_r6_c3,AMD,Ahmedabad,6,3,23.3225,72.5714,False,SYNTHETIC DATA — PIPELINE/CONSTRAINT VERIFICATION ONLY
AMD_r6_c4,AMD,Ahmedabad,6,4,23.3225,72.6714,False,SYNTHETIC DATA — PIPELINE/CONSTRAINT VERIFICATION ONLY
AMD_r6_c5,AMD,Ahmedabad,6,5,23.3225,72.7714,False,SYNTHETIC DATA — PIPELINE/CONSTRAINT VERIFICATION ONLY
AMD_r6_c6,AMD,Ahmedabad,6,6,23.3225,72.8714,False,SYNTHETIC DATA — PIPELINE/CONSTRAINT VERIFICATION ONLY
CCU_r0_c0,CCU,Kolkata,0,0,22.2726,88.0639,False,SYNTHETIC DATA — PIPELINE/CONSTRAINT VERIFICATION ONLY
CCU_r0_c1,CCU,Kolkata,0,1,22.2726,88.1639,False,SYNTHETIC DATA — PIPELINE/CONSTRAINT VERIFICATION ONLY
CCU_r0_c2,CCU,Kolkata,0,2,22.2726,88.2639,False,SYNTHETIC DATA — PIPELINE/CONSTRAINT VERIFICATION ONLY
CCU_r0_c3,CCU,Kolkata,0,3,22.2726,88.3639,False,SYNTHETIC DATA — PIPELINE/CONSTRAINT VERIFICATION ONLY
CCU_r0_c4,CCU,Kolkata,0,4,22.2726,88.4639,False,SYNTHETIC DATA — PIPELINE/CONSTRAINT VERIFICATION ONLY
CCU_r0_c5,CCU,Kolkata,0,5,22.2726,88.5639,False,SYNTHETIC DATA — PIPELINE/CONSTRAINT VERIFICATION ONLY
CCU_r0_c6,CCU,Kolkata,0,6,22.2726,88.6639,False,SYNTHETIC DATA — PIPELINE/CONSTRAINT VERIFICATION ONLY
CCU_r1_c0,CCU,Kolkata,1,0,22.3726,88.0639,False,SYNTHETIC DATA — PIPELINE/CONSTRAINT VERIFICATION ONLY
CCU_r1_c1,CCU,Kolkata,1,1,22.3726,88.1639,False,SYNTHETIC DATA — PIPELINE/CONSTRAINT VERIFICATION ONLY
CCU_r1_c2,CCU,Kolkata,1,2,22.3726,88.2639,False,SYNTHETIC DATA — PIPELINE/CONSTRAINT VERIFICATION ONLY
CCU_r1_c3,CCU,Kolkata,1,3,22.3726,88.3639,False,SYNTHETIC DATA — PIPELINE/CONSTRAINT VERIFICATION ONLY
CCU_r1_c4,CCU,Kolkata,1,4,22.3726,88.4639,False,SYNTHETIC DATA — PIPELINE/CONSTRAINT VERIFICATION ONLY
CCU_r1_c5,CCU,Kolkata,1,5,22.3726,88.5639,False,SYNTHETIC DATA — PIPELINE/CONSTRAINT VERIFICATION ONLY
CCU_r1_c6,CCU,Kolkata,1,6,22.3726,88.6639,False,SYNTHETIC DATA — PIPELINE/CONSTRAINT VERIFICATION ONLY
CCU_r2_c0,CCU,Kolkata,2,0,22.4726,88.0639,False,SYNTHETIC DATA — PIPELINE/CONSTRAINT VERIFICATION ONLY
CCU_r2_c1,CCU,Kolkata,2,1,22.4726,88.1639,False,SYNTHETIC DATA — PIPELINE/CONSTRAINT VERIFICATION ONLY
CCU_r2_c2,CCU,Kolkata,2,2,22.4726,88.2639,False,SYNTHETIC DATA — PIPELINE/CONSTRAINT VERIFICATION ONLY
CCU_r2_c3,CCU,Kolkata,2,3,22.4726,88.3639,False,SYNTHETIC DATA — PIPELINE/CONSTRAINT VERIFICATION ONLY
CCU_r2_c4,CCU,Kolkata,2,4,22.4726,88.4639,False,SYNTHETIC DATA — PIPELINE/CONSTRAINT VERIFICATION ONLY
CCU_r2_c5,CCU,Kolkata,2,5,22.4726,88.5639,False,SYNTHETIC DATA — PIPELINE/CONSTRAINT VERIFICATION ONLY
CCU_r2_c6,CCU,Kolkata,2,6,22.4726,88.6639,False,SYNTHETIC DATA — PIPELINE/CONSTRAINT VERIFICATION ONLY
CCU_r3_c0,CCU,Kolkata,3,0,22.5726,88.0639,False,SYNTHETIC DATA — PIPELINE/CONSTRAINT VERIFICATION ONLY
CCU_r3_c1,CCU,Kolkata,3,1,22.5726,88.1639,False,SYNTHETIC DATA — PIPELINE/CONSTRAINT VERIFICATION ONLY
CCU_r3_c2,CCU,Kolkata,3,2,22.5726,88.2639,False,SYNTHETIC DATA — PIPELINE/CONSTRAINT VERIFICATION ONLY
CCU_r3_c3,CCU,Kolkata,3,3,22.5726,88.3639,True,SYNTHETIC DATA — PIPELINE/CONSTRAINT VERIFICATION ONLY
CCU_r3_c4,CCU,Kolkata,3,4,22.5726,88.4639,False,SYNTHETIC DATA — PIPELINE/CONSTRAINT VERIFICATION ONLY
CCU_r3_c5,CCU,Kolkata,3,5,22.5726,88.5639,False,SYNTHETIC DATA — PIPELINE/CONSTRAINT VERIFICATION ONLY
CCU_r3_c6,CCU,Kolkata,3,6,22.5726,88.6639,False,SYNTHETIC DATA — PIPELINE/CONSTRAINT VERIFICATION ONLY
CCU_r4_c0,CCU,Kolkata,4,0,22.6726,88.0639,False,SYNTHETIC DATA — PIPELINE/CONSTRAINT VERIFICATION ONLY
CCU_r4_c1,CCU,Kolkata,4,1,22.6726,88.1639,False,SYNTHETIC DATA — PIPELINE/CONSTRAINT VERIFICATION ONLY
CCU_r4_c2,CCU,Kolkata,4,2,22.6726,88.2639,False,SYNTHETIC DATA — PIPELINE/CONSTRAINT VERIFICATION ONLY
CCU_r4_c3,CCU,Kolkata,4,3,22.6726,88.3639,False,SYNTHETIC DATA — PIPELINE/CONSTRAINT VERIFICATION ONLY
CCU_r4_c4,CCU,Kolkata,4,4,22.6726,88.4639,False,SYNTHETIC DATA — PIPELINE/CONSTRAINT VERIFICATION ONLY
CCU_r4_c5,CCU,Kolkata,4,5,22.6726,88.5639,False,SYNTHETIC DATA — PIPELINE/CONSTRAINT VERIFICATION ONLY
CCU_r4_c6,CCU,Kolkata,4,6,22.6726,88.6639,False,SYNTHETIC DATA — PIPELINE/CONSTRAINT VERIFICATION ONLY
CCU_r5_c0,CCU,Kolkata,5,0,22.7726,88.0639,False,SYNTHETIC DATA — PIPELINE/CONSTRAINT VERIFICATION ONLY
CCU_r5_c1,CCU,Kolkata,5,1,22.7726,88.1639,False,SYNTHETIC DATA — PIPELINE/CONSTRAINT VERIFICATION ONLY
CCU_r5_c2,CCU,Kolkata,5,2,22.7726,88.2639,False,SYNTHETIC DATA — PIPELINE/CONSTRAINT VERIFICATION ONLY
CCU_r5_c3,CCU,Kolkata,5,3,22.7726,88.3639,False,SYNTHETIC DATA — PIPELINE/CONSTRAINT VERIFICATION ONLY
CCU_r5_c4,CCU,Kolkata,5,4,22.7726,88.4639,False,SYNTHETIC DATA — PIPELINE/CONSTRAINT VERIFICATION ONLY
CCU_r5_c5,CCU,Kolkata,5,5,22.7726,88.5639,False,SYNTHETIC DATA — PIPELINE/CONSTRAINT VERIFICATION ONLY
CCU_r5_c6,CCU,Kolkata,5,6,22.7726,88.6639,False,SYNTHETIC DATA — PIPELINE/CONSTRAINT VERIFICATION ONLY
CCU_r6_c0,CCU,Kolkata,6,0,22.8726,88.0639,False,SYNTHETIC DATA — PIPELINE/CONSTRAINT VERIFICATION ONLY
CCU_r6_c1,CCU,Kolkata,6,1,22.8726,88.1639,False,SYNTHETIC DATA — PIPELINE/CONSTRAINT VERIFICATION ONLY
CCU_r6_c2,CCU,Kolkata,6,2,22.8726,88.2639,False,SYNTHETIC DATA — PIPELINE/CONSTRAINT VERIFICATION ONLY
CCU_r6_c3,CCU,Kolkata,6,3,22.8726,88.3639,False,SYNTHETIC DATA — PIPELINE/CONSTRAINT VERIFICATION ONLY
CCU_r6_c4,CCU,Kolkata,6,4,22.8726,88.4639,False,SYNTHETIC DATA — PIPELINE/CONSTRAINT VERIFICATION ONLY
CCU_r6_c5,CCU,Kolkata,6,5,22.8726,88.5639,False,SYNTHETIC DATA — PIPELINE/CONSTRAINT VERIFICATION ONLY
CCU_r6_c6,CCU,Kolkata,6,6,22.8726,88.6639,False,SYNTHETIC DATA — PIPELINE/CONSTRAINT VERIFICATION ONLY
HYD_r0_c0,HYD,Hyderabad,0,0,17.085,78.1867,False,SYNTHETIC DATA — PIPELINE/CONSTRAINT VERIFICATION ONLY
HYD_r0_c1,HYD,Hyderabad,0,1,17.085,78.2867,False,SYNTHETIC DATA — PIPELINE/CONSTRAINT VERIFICATION ONLY
HYD_r0_c2,HYD,Hyderabad,0,2,17.085,78.3867,False,SYNTHETIC DATA — PIPELINE/CONSTRAINT VERIFICATION ONLY
HYD_r0_c3,HYD,Hyderabad,0,3,17.085,78.4867,False,SYNTHETIC DATA — PIPELINE/CONSTRAINT VERIFICATION ONLY
HYD_r0_c4,HYD,Hyderabad,0,4,17.085,78.5867,False,SYNTHETIC DATA — PIPELINE/CONSTRAINT VERIFICATION ONLY
HYD_r0_c5,HYD,Hyderabad,0,5,17.085,78.6867,False,SYNTHETIC DATA — PIPELINE/CONSTRAINT VERIFICATION ONLY
HYD_r0_c6,HYD,Hyderabad,0,6,17.085,78.7867,False,SYNTHETIC DATA — PIPELINE/CONSTRAINT VERIFICATION ONLY
HYD_r1_c0,HYD,Hyderabad,1,0,17.185,78.1867,False,SYNTHETIC DATA — PIPELINE/CONSTRAINT VERIFICATION ONLY
HYD_r1_c1,HYD,Hyderabad,1,1,17.185,78.2867,False,SYNTHETIC DATA — PIPELINE/CONSTRAINT VERIFICATION ONLY
HYD_r1_c2,HYD,Hyderabad,1,2,17.185,78.3867,False,SYNTHETIC DATA — PIPELINE/CONSTRAINT VERIFICATION ONLY
HYD_r1_c3,HYD,Hyderabad,1,3,17.185,78.4867,False,SYNTHETIC DATA — PIPELINE/CONSTRAINT VERIFICATION ONLY
HYD_r1_c4,HYD,Hyderabad,1,4,17.185,78.5867,False,SYNTHETIC DATA — PIPELINE/CONSTRAINT VERIFICATION ONLY
HYD_r1_c5,HYD,Hyderabad,1,5,17.185,78.6867,False,SYNTHETIC DATA — PIPELINE/CONSTRAINT VERIFICATION ONLY
HYD_r1_c6,HYD,Hyderabad,1,6,17.185,78.7867,False,SYNTHETIC DATA — PIPELINE/CONSTRAINT VERIFICATION ONLY
HYD_r2_c0,HYD,Hyderabad,2,0,17.285,78.1867,False,SYNTHETIC DATA — PIPELINE/CONSTRAINT VERIFICATION ONLY
HYD_r2_c1,HYD,Hyderabad,2,1,17.285,78.2867,False,SYNTHETIC DATA — PIPELINE/CONSTRAINT VERIFICATION ONLY
HYD_r2_c2,HYD,Hyderabad,2,2,17.285,78.3867,False,SYNTHETIC DATA — PIPELINE/CONSTRAINT VERIFICATION ONLY
HYD_r2_c3,HYD,Hyderabad,2,3,17.285,78.4867,False,SYNTHETIC DATA — PIPELINE/CONSTRAINT VERIFICATION ONLY
HYD_r2_c4,HYD,Hyderabad,2,4,17.285,78.5867,False,SYNTHETIC DATA — PIPELINE/CONSTRAINT VERIFICATION ONLY
HYD_r2_c5,HYD,Hyderabad,2,5,17.285,78.6867,False,SYNTHETIC DATA — PIPELINE/CONSTRAINT VERIFICATION ONLY
HYD_r2_c6,HYD,Hyderabad,2,6,17.285,78.7867,False,SYNTHETIC DATA — PIPELINE/CONSTRAINT VERIFICATION ONLY
HYD_r3_c0,HYD,Hyderabad,3,0,17.385,78.1867,False,SYNTHETIC DATA — PIPELINE/CONSTRAINT VERIFICATION ONLY
HYD_r3_c1,HYD,Hyderabad,3,1,17.385,78.2867,False,SYNTHETIC DATA — PIPELINE/CONSTRAINT VERIFICATION ONLY
HYD_r3_c2,HYD,Hyderabad,3,2,17.385,78.3867,False,SYNTHETIC DATA — PIPELINE/CONSTRAINT VERIFICATION ONLY
HYD_r3_c3,HYD,Hyderabad,3,3,17.385,78.4867,True,SYNTHETIC DATA — PIPELINE/CONSTRAINT VERIFICATION ONLY
HYD_r3_c4,HYD,Hyderabad,3,4,17.385,78.5867,False,SYNTHETIC DATA — PIPELINE/CONSTRAINT VERIFICATION ONLY
HYD_r3_c5,HYD,Hyderabad,3,5,17.385,78.6867,False,SYNTHETIC DATA — PIPELINE/CONSTRAINT VERIFICATION ONLY
HYD_r3_c6,HYD,Hyderabad,3,6,17.385,78.7867,False,SYNTHETIC DATA — PIPELINE/CONSTRAINT VERIFICATION ONLY
HYD_r4_c0,HYD,Hyderabad,4,0,17.485,78.1867,False,SYNTHETIC DATA — PIPELINE/CONSTRAINT VERIFICATION ONLY
HYD_r4_c1,HYD,Hyderabad,4,1,17.485,78.2867,False,SYNTHETIC DATA — PIPELINE/CONSTRAINT VERIFICATION ONLY
HYD_r4_c2,HYD,Hyderabad,4,2,17.485,78.3867,False,SYNTHETIC DATA — PIPELINE/CONSTRAINT VERIFICATION ONLY
HYD_r4_c3,HYD,Hyderabad,4,3,17.485,78.4867,False,SYNTHETIC DATA — PIPELINE/CONSTRAINT VERIFICATION ONLY
HYD_r4_c4,HYD,Hyderabad,4,4,17.485,78.5867,False,SYNTHETIC DATA — PIPELINE/CONSTRAINT VERIFICATION ONLY
HYD_r4_c5,HYD,Hyderabad,4,5,17.485,78.6867,False,SYNTHETIC DATA — PIPELINE/CONSTRAINT VERIFICATION ONLY
HYD_r4_c6,HYD,Hyderabad,4,6,17.485,78.7867,False,SYNTHETIC DATA — PIPELINE/CONSTRAINT VERIFICATION ONLY
HYD_r5_c0,HYD,Hyderabad,5,0,17.585,78.1867,False,SYNTHETIC DATA — PIPELINE/CONSTRAINT VERIFICATION ONLY
HYD_r5_c1,HYD,Hyderabad,5,1,17.585,78.2867,False,SYNTHETIC DATA — PIPELINE/CONSTRAINT VERIFICATION ONLY
HYD_r5_c2,HYD,Hyderabad,5,2,17.585,78.3867,False,SYNTHETIC DATA — PIPELINE/CONSTRAINT VERIFICATION ONLY
HYD_r5_c3,HYD,Hyderabad,5,3,17.585,78.4867,False,SYNTHETIC DATA — PIPELINE/CONSTRAINT VERIFICATION ONLY
HYD_r5_c4,HYD,Hyderabad,5,4,17.585,78.5867,False,SYNTHETIC DATA — PIPELINE/CONSTRAINT VERIFICATION ONLY
HYD_r5_c5,HYD,Hyderabad,5,5,17.585,78.6867,False,SYNTHETIC DATA — PIPELINE/CONSTRAINT VERIFICATION ONLY
HYD_r5_c6,HYD,Hyderabad,5,6,17.585,78.7867,False,SYNTHETIC DATA — PIPELINE/CONSTRAINT VERIFICATION ONLY
HYD_r6_c0,HYD,Hyderabad,6,0,17.685,78.1867,False,SYNTHETIC DATA — PIPELINE/CONSTRAINT VERIFICATION ONLY
HYD_r6_c1,HYD,Hyderabad,6,1,17.685,78.2867,False,SYNTHETIC DATA — PIPELINE/CONSTRAINT VERIFICATION ONLY
HYD_r6_c2,HYD,Hyderabad,6,2,17.685,78.3867,False,SYNTHETIC DATA — PIPELINE/CONSTRAINT VERIFICATION ONLY
HYD_r6_c3,HYD,Hyderabad,6,3,17.685,78.4867,False,SYNTHETIC DATA — PIPELINE/CONSTRAINT VERIFICATION ONLY
HYD_r6_c4,HYD,Hyderabad,6,4,17.685,78.5867,False,SYNTHETIC DATA — PIPELINE/CONSTRAINT VERIFICATION ONLY
HYD_r6_c5,HYD,Hyderabad,6,5,17.685,78.6867,False,SYNTHETIC DATA — PIPELINE/CONSTRAINT VERIFICATION ONLY
HYD_r6_c6,HYD,Hyderabad,6,6,17.685,78.7867,False,SYNTHETIC DATA — PIPELINE/CONSTRAINT VERIFICATION ONLY
BLR_r0_c0,BLR,Bengaluru,0,0,12.6716,77.2946,False,SYNTHETIC DATA — PIPELINE/CONSTRAINT VERIFICATION ONLY
BLR_r0_c1,BLR,Bengaluru,0,1,12.6716,77.3946,False,SYNTHETIC DATA — PIPELINE/CONSTRAINT VERIFICATION ONLY
BLR_r0_c2,BLR,Bengaluru,0,2,12.6716,77.4946,False,SYNTHETIC DATA — PIPELINE/CONSTRAINT VERIFICATION ONLY
BLR_r0_c3,BLR,Bengaluru,0,3,12.6716,77.5946,False,SYNTHETIC DATA — PIPELINE/CONSTRAINT VERIFICATION ONLY
BLR_r0_c4,BLR,Bengaluru,0,4,12.6716,77.6946,False,SYNTHETIC DATA — PIPELINE/CONSTRAINT VERIFICATION ONLY
BLR_r0_c5,BLR,Bengaluru,0,5,12.6716,77.7946,False,SYNTHETIC DATA — PIPELINE/CONSTRAINT VERIFICATION ONLY
BLR_r0_c6,BLR,Bengaluru,0,6,12.6716,77.8946,False,SYNTHETIC DATA — PIPELINE/CONSTRAINT VERIFICATION ONLY
BLR_r1_c0,BLR,Bengaluru,1,0,12.7716,77.2946,False,SYNTHETIC DATA — PIPELINE/CONSTRAINT VERIFICATION ONLY
BLR_r1_c1,BLR,Bengaluru,1,1,12.7716,77.3946,False,SYNTHETIC DATA — PIPELINE/CONSTRAINT VERIFICATION ONLY
BLR_r1_c2,BLR,Bengaluru,1,2,12.7716,77.4946,False,SYNTHETIC DATA — PIPELINE/CONSTRAINT VERIFICATION ONLY
BLR_r1_c3,BLR,Bengaluru,1,3,12.7716,77.5946,False,SYNTHETIC DATA — PIPELINE/CONSTRAINT VERIFICATION ONLY
BLR_r1_c4,BLR,Bengaluru,1,4,12.7716,77.6946,False,SYNTHETIC DATA — PIPELINE/CONSTRAINT VERIFICATION ONLY
BLR_r1_c5,BLR,Bengaluru,1,5,12.7716,77.7946,False,SYNTHETIC DATA — PIPELINE/CONSTRAINT VERIFICATION ONLY
BLR_r1_c6,BLR,Bengaluru,1,6,12.7716,77.8946,False,SYNTHETIC DATA — PIPELINE/CONSTRAINT VERIFICATION ONLY
BLR_r2_c0,BLR,Bengaluru,2,0,12.8716,77.2946,False,SYNTHETIC DATA — PIPELINE/CONSTRAINT VERIFICATION ONLY
BLR_r2_c1,BLR,Bengaluru,2,1,12.8716,77.3946,False,SYNTHETIC DATA — PIPELINE/CONSTRAINT VERIFICATION ONLY
BLR_r2_c2,BLR,Bengaluru,2,2,12.8716,77.4946,False,SYNTHETIC DATA — PIPELINE/CONSTRAINT VERIFICATION ONLY
BLR_r2_c3,BLR,Bengaluru,2,3,12.8716,77.5946,False,SYNTHETIC DATA — PIPELINE/CONSTRAINT VERIFICATION ONLY
BLR_r2_c4,BLR,Bengaluru,2,4,12.8716,77.6946,False,SYNTHETIC DATA — PIPELINE/CONSTRAINT VERIFICATION ONLY
BLR_r2_c5,BLR,Bengaluru,2,5,12.8716,77.7946,False,SYNTHETIC DATA — PIPELINE/CONSTRAINT VERIFICATION ONLY
BLR_r2_c6,BLR,Bengaluru,2,6,12.8716,77.8946,False,SYNTHETIC DATA — PIPELINE/CONSTRAINT VERIFICATION ONLY
BLR_r3_c0,BLR,Bengaluru,3,0,12.9716,77.2946,False,SYNTHETIC DATA — PIPELINE/CONSTRAINT VERIFICATION ONLY
BLR_r3_c1,BLR,Bengaluru,3,1,12.9716,77.3946,False,SYNTHETIC DATA — PIPELINE/CONSTRAINT VERIFICATION ONLY
BLR_r3_c2,BLR,Bengaluru,3,2,12.9716,77.4946,False,SYNTHETIC DATA — PIPELINE/CONSTRAINT VERIFICATION ONLY
BLR_r3_c3,BLR,Bengaluru,3,3,12.9716,77.5946,True,SYNTHETIC DATA — PIPELINE/CONSTRAINT VERIFICATION ONLY
BLR_r3_c4,BLR,Bengaluru,3,4,12.9716,77.6946,False,SYNTHETIC DATA — PIPELINE/CONSTRAINT VERIFICATION ONLY
BLR_r3_c5,BLR,Bengaluru,3,5,12.9716,77.7946,False,SYNTHETIC DATA — PIPELINE/CONSTRAINT VERIFICATION ONLY
BLR_r3_c6,BLR,Bengaluru,3,6,12.9716,77.8946,False,SYNTHETIC DATA — PIPELINE/CONSTRAINT VERIFICATION ONLY
BLR_r4_c0,BLR,Bengaluru,4,0,13.0716,77.2946,False,SYNTHETIC DATA — PIPELINE/CONSTRAINT VERIFICATION ONLY
BLR_r4_c1,BLR,Bengaluru,4,1,13.0716,77.3946,False,SYNTHETIC DATA — PIPELINE/CONSTRAINT VERIFICATION ONLY
BLR_r4_c2,BLR,Bengaluru,4,2,13.0716,77.4946,False,SYNTHETIC DATA — PIPELINE/CONSTRAINT VERIFICATION ONLY
BLR_r4_c3,BLR,Bengaluru,4,3,13.0716,77.5946,False,SYNTHETIC DATA — PIPELINE/CONSTRAINT VERIFICATION ONLY
BLR_r4_c4,BLR,Bengaluru,4,4,13.0716,77.6946,False,SYNTHETIC DATA — PIPELINE/CONSTRAINT VERIFICATION ONLY
BLR_r4_c5,BLR,Bengaluru,4,5,13.0716,77.7946,False,SYNTHETIC DATA — PIPELINE/CONSTRAINT VERIFICATION ONLY
BLR_r4_c6,BLR,Bengaluru,4,6,13.0716,77.8946,False,SYNTHETIC DATA — PIPELINE/CONSTRAINT VERIFICATION ONLY
BLR_r5_c0,BLR,Bengaluru,5,0,13.1716,77.2946,False,SYNTHETIC DATA — PIPELINE/CONSTRAINT VERIFICATION ONLY
BLR_r5_c1,BLR,Bengaluru,5,1,13.1716,77.3946,False,SYNTHETIC DATA — PIPELINE/CONSTRAINT VERIFICATION ONLY
BLR_r5_c2,BLR,Bengaluru,5,2,13.1716,77.4946,False,SYNTHETIC DATA — PIPELINE/CONSTRAINT VERIFICATION ONLY
BLR_r5_c3,BLR,Bengaluru,5,3,13.1716,77.5946,False,SYNTHETIC DATA — PIPELINE/CONSTRAINT VERIFICATION ONLY
BLR_r5_c4,BLR,Bengaluru,5,4,13.1716,77.6946,False,SYNTHETIC DATA — PIPELINE/CONSTRAINT VERIFICATION ONLY
BLR_r5_c5,BLR,Bengaluru,5,5,13.1716,77.7946,False,SYNTHETIC DATA — PIPELINE/CONSTRAINT VERIFICATION ONLY
BLR_r5_c6,BLR,Bengaluru,5,6,13.1716,77.8946,False,SYNTHETIC DATA — PIPELINE/CONSTRAINT VERIFICATION ONLY
BLR_r6_c0,BLR,Bengaluru,6,0,13.2716,77.2946,False,SYNTHETIC DATA — PIPELINE/CONSTRAINT VERIFICATION ONLY
BLR_r6_c1,BLR,Bengaluru,6,1,13.2716,77.3946,False,SYNTHETIC DATA — PIPELINE/CONSTRAINT VERIFICATION ONLY
BLR_r6_c2,BLR,Bengaluru,6,2,13.2716,77.4946,False,SYNTHETIC DATA — PIPELINE/CONSTRAINT VERIFICATION ONLY
BLR_r6_c3,BLR,Bengaluru,6,3,13.2716,77.5946,False,SYNTHETIC DATA — PIPELINE/CONSTRAINT VERIFICATION ONLY
BLR_r6_c4,BLR,Bengaluru,6,4,13.2716,77.6946,False,SYNTHETIC DATA — PIPELINE/CONSTRAINT VERIFICATION ONLY
BLR_r6_c5,BLR,Bengaluru,6,5,13.2716,77.7946,False,SYNTHETIC DATA — PIPELINE/CONSTRAINT VERIFICATION ONLY
BLR_r6_c6,BLR,Bengaluru,6,6,13.2716,77.8946,False,SYNTHETIC DATA — PIPELINE/CONSTRAINT VERIFICATION ONLY
MAA_r0_c0,MAA,Chennai,0,0,12.7827,79.9707,False,SYNTHETIC DATA — PIPELINE/CONSTRAINT VERIFICATION ONLY
MAA_r0_c1,MAA,Chennai,0,1,12.7827,80.0707,False,SYNTHETIC DATA — PIPELINE/CONSTRAINT VERIFICATION ONLY
MAA_r0_c2,MAA,Chennai,0,2,12.7827,80.1707,False,SYNTHETIC DATA — PIPELINE/CONSTRAINT VERIFICATION ONLY
MAA_r0_c3,MAA,Chennai,0,3,12.7827,80.2707,False,SYNTHETIC DATA — PIPELINE/CONSTRAINT VERIFICATION ONLY
MAA_r0_c4,MAA,Chennai,0,4,12.7827,80.3707,False,SYNTHETIC DATA — PIPELINE/CONSTRAINT VERIFICATION ONLY
MAA_r0_c5,MAA,Chennai,0,5,12.7827,80.4707,False,SYNTHETIC DATA — PIPELINE/CONSTRAINT VERIFICATION ONLY
MAA_r0_c6,MAA,Chennai,0,6,12.7827,80.5707,False,SYNTHETIC DATA — PIPELINE/CONSTRAINT VERIFICATION ONLY
MAA_r1_c0,MAA,Chennai,1,0,12.8827,79.9707,False,SYNTHETIC DATA — PIPELINE/CONSTRAINT VERIFICATION ONLY
MAA_r1_c1,MAA,Chennai,1,1,12.8827,80.0707,False,SYNTHETIC DATA — PIPELINE/CONSTRAINT VERIFICATION ONLY
MAA_r1_c2,MAA,Chennai,1,2,12.8827,80.1707,False,SYNTHETIC DATA — PIPELINE/CONSTRAINT VERIFICATION ONLY
MAA_r1_c3,MAA,Chennai,1,3,12.8827,80.2707,False,SYNTHETIC DATA — PIPELINE/CONSTRAINT VERIFICATION ONLY
MAA_r1_c4,MAA,Chennai,1,4,12.8827,80.3707,False,SYNTHETIC DATA — PIPELINE/CONSTRAINT VERIFICATION ONLY
MAA_r1_c5,MAA,Chennai,1,5,12.8827,80.4707,False,SYNTHETIC DATA — PIPELINE/CONSTRAINT VERIFICATION ONLY
MAA_r1_c6,MAA,Chennai,1,6,12.8827,80.5707,False,SYNTHETIC DATA — PIPELINE/CONSTRAINT VERIFICATION ONLY
MAA_r2_c0,MAA,Chennai,2,0,12.9827,79.9707,False,SYNTHETIC DATA — PIPELINE/CONSTRAINT VERIFICATION ONLY
MAA_r2_c1,MAA,Chennai,2,1,12.9827,80.0707,False,SYNTHETIC DATA — PIPELINE/CONSTRAINT VERIFICATION ONLY
MAA_r2_c2,MAA,Chennai,2,2,12.9827,80.1707,False,SYNTHETIC DATA — PIPELINE/CONSTRAINT VERIFICATION ONLY
MAA_r2_c3,MAA,Chennai,2,3,12.9827,80.2707,False,SYNTHETIC DATA — PIPELINE/CONSTRAINT VERIFICATION ONLY
MAA_r2_c4,MAA,Chennai,2,4,12.9827,80.3707,False,SYNTHETIC DATA — PIPELINE/CONSTRAINT VERIFICATION ONLY
MAA_r2_c5,MAA,Chennai,2,5,12.9827,80.4707,False,SYNTHETIC DATA — PIPELINE/CONSTRAINT VERIFICATION ONLY
MAA_r2_c6,MAA,Chennai,2,6,12.9827,80.5707,False,SYNTHETIC DATA — PIPELINE/CONSTRAINT VERIFICATION ONLY
MAA_r3_c0,MAA,Chennai,3,0,13.0827,79.9707,False,SYNTHETIC DATA — PIPELINE/CONSTRAINT VERIFICATION ONLY
MAA_r3_c1,MAA,Chennai,3,1,13.0827,80.0707,False,SYNTHETIC DATA — PIPELINE/CONSTRAINT VERIFICATION ONLY
MAA_r3_c2,MAA,Chennai,3,2,13.0827,80.1707,False,SYNTHETIC DATA — PIPELINE/CONSTRAINT VERIFICATION ONLY
MAA_r3_c3,MAA,Chennai,3,3,13.0827,80.2707,True,SYNTHETIC DATA — PIPELINE/CONSTRAINT VERIFICATION ONLY
MAA_r3_c4,MAA,Chennai,3,4,13.0827,80.3707,False,SYNTHETIC DATA — PIPELINE/CONSTRAINT VERIFICATION ONLY
MAA_r3_c5,MAA,Chennai,3,5,13.0827,80.4707,False,SYNTHETIC DATA — PIPELINE/CONSTRAINT VERIFICATION ONLY
MAA_r3_c6,MAA,Chennai,3,6,13.0827,80.5707,False,SYNTHETIC DATA — PIPELINE/CONSTRAINT VERIFICATION ONLY
MAA_r4_c0,MAA,Chennai,4,0,13.1827,79.9707,False,SYNTHETIC DATA — PIPELINE/CONSTRAINT VERIFICATION ONLY
MAA_r4_c1,MAA,Chennai,4,1,13.1827,80.0707,False,SYNTHETIC DATA — PIPELINE/CONSTRAINT VERIFICATION ONLY
MAA_r4_c2,MAA,Chennai,4,2,13.1827,80.1707,False,SYNTHETIC DATA — PIPELINE/CONSTRAINT VERIFICATION ONLY
MAA_r4_c3,MAA,Chennai,4,3,13.1827,80.2707,False,SYNTHETIC DATA — PIPELINE/CONSTRAINT VERIFICATION ONLY
MAA_r4_c4,MAA,Chennai,4,4,13.1827,80.3707,False,SYNTHETIC DATA — PIPELINE/CONSTRAINT VERIFICATION ONLY
MAA_r4_c5,MAA,Chennai,4,5,13.1827,80.4707,False,SYNTHETIC DATA — PIPELINE/CONSTRAINT VERIFICATION ONLY
MAA_r4_c6,MAA,Chennai,4,6,13.1827,80.5707,False,SYNTHETIC DATA — PIPELINE/CONSTRAINT VERIFICATION ONLY
MAA_r5_c0,MAA,Chennai,5,0,13.2827,79.9707,False,SYNTHETIC DATA — PIPELINE/CONSTRAINT VERIFICATION ONLY
MAA_r5_c1,MAA,Chennai,5,1,13.2827,80.0707,False,SYNTHETIC DATA — PIPELINE/CONSTRAINT VERIFICATION ONLY
MAA_r5_c2,MAA,Chennai,5,2,13.2827,80.1707,False,SYNTHETIC DATA — PIPELINE/CONSTRAINT VERIFICATION ONLY
MAA_r5_c3,MAA,Chennai,5,3,13.2827,80.2707,False,SYNTHETIC DATA — PIPELINE/CONSTRAINT VERIFICATION ONLY
MAA_r5_c4,MAA,Chennai,5,4,13.2827,80.3707,False,SYNTHETIC DATA — PIPELINE/CONSTRAINT VERIFICATION ONLY
MAA_r5_c5,MAA,Chennai,5,5,13.2827,80.4707,False,SYNTHETIC DATA — PIPELINE/CONSTRAINT VERIFICATION ONLY
MAA_r5_c6,MAA,Chennai,5,6,13.2827,80.5707,False,SYNTHETIC DATA — PIPELINE/CONSTRAINT VERIFICATION ONLY
MAA_r6_c0,MAA,Chennai,6,0,13.3827,79.9707,False,SYNTHETIC DATA — PIPELINE/CONSTRAINT VERIFICATION ONLY
MAA_r6_c1,MAA,Chennai,6,1,13.3827,80.0707,False,SYNTHETIC DATA — PIPELINE/CONSTRAINT VERIFICATION ONLY
MAA_r6_c2,MAA,Chennai,6,2,13.3827,80.1707,False,SYNTHETIC DATA — PIPELINE/CONSTRAINT VERIFICATION ONLY
MAA_r6_c3,MAA,Chennai,6,3,13.3827,80.2707,False,SYNTHETIC DATA — PIPELINE/CONSTRAINT VERIFICATION ONLY
MAA_r6_c4,MAA,Chennai,6,4,13.3827,80.3707,False,SYNTHETIC DATA — PIPELINE/CONSTRAINT VERIFICATION ONLY
MAA_r6_c5,MAA,Chennai,6,5,13.3827,80.4707,False,SYNTHETIC DATA — PIPELINE/CONSTRAINT VERIFICATION ONLY
MAA_r6_c6,MAA,Chennai,6,6,13.3827,80.5707,False,SYNTHETIC DATA — PIPELINE/CONSTRAINT VERIFICATION ONLY
