city_name,elapsed_time_hours,active_dest_cells,max_transport_influence,mean_transport_influence,total_conserved_fraction
Ahmedabad,1.0,12,116.181,2.394908163265306,4.0
Ahmedabad,3.0,18,58.091,2.394908163265306,4.0
Ahmedabad,6.0,21,76.004,2.394908163265306,4.0
Bengaluru,1.0,13,49.482,1.0235153061224491,4.0
Bengaluru,3.0,22,25.254,1.0235255102040817,4.0
Bengaluru,6.0,22,36.478,1.023515306122449,4.0
Chennai,1.0,12,48.645,1.1533673469387755,4.0
Chennai,3.0,17,42.714,1.1533724489795918,4.0
Chennai,6.0,11,51.348,1.1533724489795918,4.0
Delhi,1.0,14,188.538,4.064239795918367,4.0
Delhi,3.0,17,133.086,4.064229591836735,4.0
Delhi,6.0,9,210.719,4.064229591836734,4.0
Hyderabad,1.0,12,78.472,1.7085714285714286,4.0
Hyderabad,3.0,18,43.524,1.7085714285714286,4.0
Hyderabad,6.0,17,87.048,1.7085714285714286,4.0
Jaipur,1.0,11,118.737,2.479591836734694,4.0
Jaipur,3.0,17,85.754,2.479591836734694,4.0
Jaipur,6.0,11,131.93,2.4795867346938776,4.0
Kolkata,1.0,14,141.244,2.969239795918367,4.0
Kolkata,3.0,16,91.394,2.969239795918367,4.0
Kolkata,6.0,10,157.861,2.969234693877551,4.0
Lucknow,1.0,12,163.077,3.624341836734694,4.0
Lucknow,3.0,15,122.578,3.6243367346938777,4.0
Lucknow,6.0,8,180.126,3.6243367346938777,4.0
Mumbai,1.0,14,94.761,2.023316326530612,4.0
Mumbai,3.0,21,51.026,2.0233316326530613,4.0
Mumbai,6.0,22,73.704,2.023316326530612,4.0
Varanasi,1.0,13,139.349,3.3553112244897956,4.0
Varanasi,3.0,17,115.92,3.3553214285714286,4.0
Varanasi,6.0,11,155.743,3.3553163265306125,4.0
