city,number_of_stations,total_pm25_observations,mean_pm25_concentration,earliest_date,latest_date
Surat,3,4966,60.25333333333333,2025-02-18 20:00:00,2026-04-14 18:00:00
Vijayawada,3,4904,39.15333333333333,2025-02-18 20:00:00,2025-05-09 18:00:00
Indore,3,4823,44.35666666666666,2019-09-23 09:00:00,2025-05-05 18:00:00
Kolkata,3,4593,25.77333333333333,2018-04-15 22:00:00,2019-10-23 15:00:00
Chandigarh,3,4534,61.10666666666666,2019-09-17 05:00:00,2022-09-24 17:00:00
Mumbai,3,4447,55.169999999999995,2016-11-09 17:00:00,2019-10-03 18:00:00
Nagpur,3,4305,54.73666666666667,2018-03-09 05:00:00,2025-05-05 18:00:00
Ghaziabad,3,4202,63.49666666666667,2018-03-09 05:00:00,2019-09-27 18:00:00
Jodhpur,3,4153,88.34666666666668,2016-03-21 18:00:00,2025-05-05 18:00:00
Bhopal,3,4083,51.346666666666664,2018-03-09 05:00:00,2025-04-09 00:00:00
Hyderabad,3,3928,56.53333333333333,2016-11-09 17:00:00,2018-09-03 18:00:00
Kanpur,3,3842,61.72666666666667,2018-03-09 05:00:00,2021-11-28 18:00:00
Guwahati,3,3778,83.52666666666666,2019-12-24 09:00:00,2025-05-07 18:00:00
Noida,3,3714,59.910000000000004,2018-03-09 05:00:00,2019-09-12 18:00:00
Patna,3,3475,54.696666666666665,2019-12-26 05:00:00,2020-06-19 18:00:00
Delhi,3,3467,83.38333333333334,2015-06-29 14:00:00,2019-09-01 18:00:00
Gurugram,3,3306,67.46,2016-03-25 07:00:00,2020-06-19 18:00:00
Varanasi,3,3292,43.526666666666664,2018-03-09 05:00:00,2021-11-05 18:00:00
Gaya,3,3077,99.25999999999999,2018-03-09 05:00:00,2022-04-10 17:00:00
Faridabad,3,3015,61.913333333333334,2018-03-09 05:00:00,2020-08-06 17:00:00
Ahmedabad,3,2859,61.78,2018-03-09 05:00:00,2021-11-01 18:00:00
Agra,3,2824,64.15333333333334,2016-03-22 00:00:00,2021-10-29 18:00:00
Bengaluru,2,2606,33.935,2018-03-09 05:00:00,2018-10-30 18:00:00
Jaipur,3,2567,57.830000000000005,2018-03-09 05:00:00,2018-09-03 18:00:00
Lucknow,2,2499,101.515,2018-03-09 03:00:00,2019-11-27 18:00:00
Pune,3,2428,57.77,2018-03-09 05:00:00,2021-03-06 18:00:00
Muzaffarpur,3,2349,83.49,2018-03-09 05:00:00,2022-04-07 17:00:00
Thiruvananthapuram,2,2342,29.799999999999997,2018-03-09 05:00:00,2020-05-07 18:00:00
Chennai,2,2340,47.95,2016-11-09 17:00:00,2018-08-28 18:00:00
Coimbatore,2,1724,19.355,2019-07-11 11:00:00,2025-04-08 09:00:00
Vadodara,1,1648,58.65,2026-01-30 11:00:00,2026-04-14 18:00:00
Sector,1,1646,46.29,2019-02-12 01:00:00,2019-09-15 18:00:00
Marhatal,1,1597,69.35,2019-09-23 09:00:00,2019-12-19 18:00:00
Gole Bazar,1,1551,71.84,2020-01-07 10:00:00,2020-03-23 16:00:00
City Center,1,1487,52.22,2020-02-03 08:00:00,2020-04-18 17:00:00
Kochi,1,1443,39.99,2020-02-05 08:00:00,2020-04-21 18:00:00
Vijay Nagar,1,1383,23.24,2019-09-23 09:00:00,2019-12-29 09:00:00
Solapur,1,1336,25.2,2016-03-21 18:00:00,2016-07-04 18:00:00
Industrial Area,1,1293,30.81,2020-03-02 09:00:00,2020-05-17 12:00:00
Civil Lines,1,1272,37.68,2018-04-16 03:00:00,2018-09-30 18:00:00
Sikulpuikawn,1,1167,22.47,2020-03-19 04:00:00,2020-06-08 18:00:00
Moti Doongri,1,1052,47.45,2018-03-10 19:00:00,2018-09-10 18:00:00
Model Town,1,1036,36.46,2018-03-09 05:00:00,2018-08-28 18:00:00
Talcher Coalfields,1,892,47.54,2018-03-09 05:00:00,2018-10-02 17:00:00
MIDC Khutala,1,796,20.46,2018-03-09 05:00:00,2018-09-10 18:00:00
Amritsar,1,704,38.78,2018-03-09 05:00:00,2018-09-01 10:00:00
Civil Line,1,660,53.24,2018-03-09 05:00:00,2018-09-02 18:00:00
Ludhiana,1,341,60.73,2018-03-09 05:00:00,2018-09-03 10:00:00
