city,number_of_stations,total_archive_files,earliest_date,latest_date,years_spanned
Delhi,78,47337,2015-04-09,2026-09-11,"2015,2016,2017,2018,2019,2020,2021,2022,2023,2024,2025,2026"
Mumbai,39,27062,2016-03-21,2026-09-11,"2016,2017,2018,2019,2020,2021,2022,2023,2024,2025,2026"
Bengaluru,18,13477,2016-03-22,2026-09-11,"2016,2017,2018,2019,2020,2021,2022,2025,2026"
Hyderabad,20,13044,2016-01-30,2026-09-11,"2016,2017,2018,2019,2020,2021,2022,2023,2024,2025,2026"
Other_India,49,12708,2015-07-10,2026-09-11,"2015,2016,2017,2018,2023,2024,2025,2026"
Chennai,12,8921,2016-01-30,2026-09-10,"2016,2017,2018,2019,2020,2021,2022,2023,2024,2025,2026"
Sector,9,8447,2016-03-21,2026-09-11,"2016,2017,2018,2019,2020,2021,2022,2025,2026"
Pune,15,8241,2016-03-21,2026-09-11,"2016,2017,2018,2019,2020,2021,2022,2025,2026"
Kolkata,11,8014,2016-01-30,2026-09-11,"2016,2017,2018,2019,2020,2021,2022,2023,2024,2025,2026"
Agra,10,7810,2016-03-22,2026-09-11,"2016,2017,2018,2019,2020,2021,2022,2025,2026"
Patna,9,7739,2016-03-22,2026-09-11,"2016,2017,2018,2019,2020,2021,2022,2025,2026"
Ahmedabad,9,6386,2018-03-09,2026-09-11,"2018,2019,2020,2021,2022,2025,2026"
Lucknow,8,6346,2016-03-21,2026-09-11,"2016,2017,2018,2019,2020,2021,2022,2025,2026"
Noida,7,6324,2018-03-09,2026-09-11,"2018,2019,2020,2021,2022,2025,2026"
Jaipur,7,5049,2016-03-21,2026-09-11,"2016,2017,2018,2019,2020,2021,2022,2025,2026"
Ghaziabad,8,4451,2018-03-09,2026-09-11,"2018,2019,2020,2021,2022,2025,2026"
Faridabad,5,3952,2016-03-22,2026-09-11,"2016,2017,2018,2019,2020,2021,2022,2025,2026"
Gurugram,5,3882,2016-03-25,2026-09-11,"2016,2017,2018,2019,2020,2021,2022,2025,2026"
Jodhpur,6,3862,2016-03-21,2026-09-11,"2016,2017,2018,2019,2020,2021,2022,2025,2026"
Indore,7,3687,2019-09-23,2026-09-11,"2019,2020,2021,2022,2025,2026"
Muzaffarpur,4,3342,2016-03-19,2026-09-11,"2016,2017,2018,2019,2020,2021,2022,2025,2026"
Varanasi,4,3328,2018-03-09,2026-09-11,"2018,2019,2020,2021,2022,2025,2026"
Gaya,4,3178,2016-03-21,2026-09-11,"2016,2017,2018,2019,2020,2021,2022,2025,2026"
Bhopal,4,3131,2018-03-09,2026-09-11,"2018,2019,2020,2021,2022,2025,2026"
Guwahati,6,3063,2019-04-27,2026-09-11,"2019,2020,2021,2022,2025,2026"
Kanpur,6,2939,2013-12-14,2026-09-11,"2013,2014,2018,2019,2020,2021,2022,2025,2026"
Nagpur,5,2935,2018-03-09,2026-09-11,"2018,2019,2020,2021,2022,2025,2026"
Chandigarh,3,2329,2019-09-17,2026-09-11,"2019,2020,2021,2022,2025,2026"
Vijayawada,5,2278,2018-03-09,2026-09-11,"2018,2019,2020,2025,2026"
Civil Lines,3,2135,2018-04-16,2026-09-11,"2018,2019,2020,2021,2022,2025,2026"
Kota,3,2117,2018-03-09,2026-09-11,"2018,2019,2020,2021,2022,2025,2026"
Shastri Nagar,3,2114,2019-02-12,2026-09-11,"2019,2020,2021,2022,2025,2026"
Thiruvananthapuram,2,2000,2018-03-09,2026-05-05,"2018,2019,2020,2021,2022,2025,2026"
Phase,2,2000,2019-02-12,2025-08-14,"2019,2020,2021,2022,2025,2026"
GIDC,2,1923,2019-02-12,2026-09-11,"2019,2020,2021,2022,2025,2026"
MD University,3,1778,2016-03-22,2026-08-19,"2016,2017,2018,2019,2020,2021,2022,2025,2026"
Haldia,2,1558,2016-03-22,2026-09-11,"2016,2017,2018,2019,2020,2021,2022,2025,2026"
Vijay Nagar,2,1535,2019-09-23,2026-09-11,"2019,2020,2021,2022,2025,2026"
Deen Dayal Nagar,2,1528,2020-02-03,2026-09-11,"2020,2021,2022,2025,2026"
Secretariat,2,1456,2018-03-09,2026-09-11,"2018,2019,2020,2021,2022,2025,2026"
Coimbatore,2,1446,2019-07-11,2026-07-02,"2019,2020,2021,2022,2025,2026"
Ratanpura,2,1393,2018-05-02,2026-09-11,"2018,2019,2020,2021,2022,2025,2026"
Mysuru,2,1309,2019-07-29,2026-09-11,"2019,2020,2021,2022,2025,2026"
Municipal Corporation Office,2,1284,2019-02-12,2026-06-07,"2019,2020,2021,2022,2025,2026"
Shyam Nagar,2,1173,2019-02-12,2026-09-11,"2019,2020,2021,2022,2025,2026"
Shivaji Nagar,2,1149,2022-02-04,2026-09-11,"2022,2025,2026"
Murthal,2,1119,2019-02-12,2026-09-11,"2019,2020,2021,2022,2025,2026"
Pimpleshwar Mandir,2,1117,2018-03-09,2026-09-11,"2018,2019,2020,2021,2022,2025,2026"
Gole Bazar,2,1095,2019-09-23,2025-12-20,"2019,2020,2021,2022,2025,2026"
Rishi Nagar,2,1093,2019-04-27,2026-09-11,"2019,2020,2021,2022,2025,2026"
Lal Bahadur Shastri Nagar,2,1039,2018-08-14,2026-09-06,"2018,2019,2020,2021,2022,2025,2026"
Ghusuri,2,1001,2018-05-09,2025-05-26,"2018,2019,2020,2021,2022,2025,2026"
Ganga Nagar,1,1000,2019-10-14,2025-10-15,"2019,2020,2021,2022,2025,2026"
Shrivastav Colony,1,1000,2019-02-12,2025-07-20,"2019,2020,2021,2022,2025,2026"
City Center,1,1000,2020-02-03,2026-05-10,"2020,2021,2022,2025,2026"
Civil Line,1,1000,2018-03-09,2025-05-21,"2018,2019,2020,2021,2022,2025,2026"
Udyogamandal,1,1000,2019-06-19,2025-07-26,"2019,2020,2021,2022,2025,2026"
Udaipur,1,1000,2018-03-10,2025-03-06,"2018,2019,2020,2021,2022,2025,2026"
Block,1,1000,2019-02-12,2026-06-28,"2019,2020,2021,2022,2025,2026"
UPPCB,1,1000,2019-10-14,2025-10-17,"2019,2020,2021,2022,2025,2026"
Urban Estate,1,1000,2019-02-12,2026-02-11,"2019,2020,2021,2022,2025,2026"
Shasthri Nagar,1,1000,2019-01-03,2025-08-19,"2019,2020,2021,2022,2025,2026"
Sikulpuikawn,1,1000,2020-03-19,2026-09-01,"2020,2021,2022,2025,2026"
Belur Math,1,1000,2019-06-19,2025-08-26,"2019,2020,2021,2022,2025,2026"
Solapur,1,1000,2016-03-21,2025-06-18,"2016,2017,2018,2019,2020,2021,2022,2025"
Sidhu Kanhu Indoor Stadium,1,1000,2018-03-09,2026-07-06,"2018,2019,2020,2021,2022,2025,2026"
Thavakkara,1,1000,2020-02-11,2026-03-24,"2020,2021,2022,2025,2026"
Tata Stadium,1,1000,2018-03-09,2026-07-12,"2018,2019,2020,2021,2022,2025,2026"
Talcher Coalfields,1,1000,2018-03-09,2025-07-18,"2018,2019,2020,2021,2022,2025,2026"
Chikkaballapur Rural,1,1000,2018-08-10,2025-08-05,"2018,2019,2020,2021,2022,2025,2026"
Sahilara,1,1000,2019-02-11,2026-05-18,"2019,2020,2021,2022,2025,2026"
GM Office,1,1000,2018-03-09,2025-06-05,"2018,2019,2020,2021,2022,2025,2026"
Ludhiana,1,1000,2018-03-09,2022-05-10,"2018,2019,2020,2021,2022,2025,2026"
Moti Doongri,1,1000,2018-03-09,2022-05-09,"2018,2019,2020,2021,2022,2025,2026"
Yamunapuram,1,1000,2018-08-10,2025-04-19,"2018,2019,2020,2021,2022,2025,2026"
MIDC Khutala,1,1000,2018-03-09,2025-07-04,"2018,2019,2020,2021,2022,2025,2026"
Polayathode,1,1000,2020-03-03,2026-04-30,"2020,2021,2022,2025,2026"
New Mandi,1,1000,2018-08-10,2025-05-29,"2018,2019,2020,2021,2022,2025,2026"
Bandhavgar Colony,1,1000,2018-04-16,2025-09-28,"2018,2019,2020,2021,2022,2025,2026"
Tirumala,1,1000,2018-03-09,2022-06-04,"2018,2019,2020,2021,2022,2025,2026"
Anam Kala Kendram,1,1000,2018-03-09,2022-05-15,"2018,2019,2020,2021,2022,2025,2026"
Anand Vihar,1,1000,2018-10-23,2025-10-16,"2018,2019,2020,2021,2022,2025,2026"
Marhatal,1,1000,2019-09-23,2026-01-10,"2019,2020,2021,2022,2025,2026"
Lumpyngngad,1,1000,2019-09-17,2026-03-11,"2019,2020,2021,2022,2025,2026"
Kalal Majra,1,1000,2018-04-18,2025-06-17,"2018,2019,2020,2021,2022,2025,2026"
Padmapukur,1,1000,2018-03-09,2025-04-06,"2018,2019,2020,2021,2022,2025,2026"
Indira Colony Vistar,1,1000,2018-03-09,2022-10-12,"2018,2019,2020,2021,2022,2025,2026"
Police Lines,1,1000,2019-02-12,2026-02-04,"2019,2020,2021,2022,2025,2026"
Amritsar,1,1000,2018-03-09,2025-03-31,"2018,2019,2020,2021,2022,2025,2026"
Vindhyachal STPS,1,1000,2018-03-09,2025-03-14,"2018,2019,2020,2021,2022,2025,2026"
Asansol Court Area,1,1000,2018-03-09,2025-03-11,"2018,2019,2020,2021,2022,2025,2026"
Arya Nagar,1,1000,2019-02-12,2026-06-09,"2019,2020,2021,2022,2025,2026"
Model Town,1,1000,2018-03-09,2025-06-12,"2018,2019,2020,2021,2022,2025,2026"
Nathu Colony,1,1000,2019-02-12,2026-05-26,"2019,2020,2021,2022,2025,2026"
Ward,1,1000,2018-03-09,2025-05-04,"2018,2019,2020,2021,2022,2025,2026"
More Chowk Waluj,1,1000,2018-03-09,2025-06-01,"2018,2019,2020,2021,2022,2025,2026"
Khadakpada,1,1000,2019-07-11,2026-01-29,"2019,2020,2021,2022,2025,2026"
H.B. Colony,1,1000,2019-02-12,2026-03-08,"2019,2020,2021,2022,2025,2026"
Industrial Area,1,1000,2020-03-02,2026-02-18,"2020,2021,2022,2025,2026"
Jai Bhim Nagar,1,1000,2019-07-03,2026-03-15,"2019,2020,2021,2022,2025,2026"
Patti Mehar,1,1000,2019-02-12,2026-04-05,"2019,2020,2021,2022,2025,2026"
Gobind Pura,1,1000,2019-02-12,2026-03-05,"2019,2020,2021,2022,2025,2026"
Gangapur Road,1,1000,2018-03-09,2025-04-03,"2018,2019,2020,2021,2022,2025,2026"
Kalyana Nagara,1,1000,2020-02-03,2026-08-09,"2020,2021,2022,2025,2026"
RIMT University,1,1000,2018-03-09,2025-04-14,"2018,2019,2020,2021,2022,2025,2026"
RIICO Ind. Area III,1,1000,2018-03-09,2025-04-14,"2018,2019,2020,2021,2022,2025,2026"
Hardev Nagar,1,1000,2018-08-10,2025-07-23,"2018,2019,2020,2021,2022,2025,2026"
Huda Sector,1,1000,2019-02-12,2026-06-28,"2019,2020,2021,2022,2025,2026"
General Hospital,1,1000,2019-02-12,2026-05-29,"2019,2020,2021,2022,2025,2026"
Ibrahimpur,1,973,2020-01-20,2026-09-09,"2020,2021,2022,2025,2026"
Vidayagiri,1,967,2020-02-11,2026-08-12,"2020,2021,2022,2025,2026"
Chandrapur,1,961,2018-03-09,2022-10-31,"2018,2019,2020,2021,2022"
Stuart Hill,1,949,2020-11-08,2026-09-11,"2020,2021,2022,2025,2026"
Surat,3,937,2025-02-19,2026-09-11,"2025,2026"
Mini Secretariat,1,923,2020-04-23,2026-09-11,"2020,2021,2022,2025,2026"
PWD Juction,1,906,2020-09-04,2026-09-11,"2020,2021,2022,2025,2026"
Police Line,2,879,2021-11-22,2026-09-11,"2021,2022,2025,2026"
Urban,1,875,2020-01-03,2026-09-11,"2020,2021,2022,2025,2026"
Meelavittan,1,854,2020-11-08,2026-09-11,"2020,2021,2022,2025,2026"
Corporation Ground,1,826,2020-10-12,2026-09-11,"2020,2021,2022,2025,2026"
Town Hall,2,820,2021-07-18,2026-09-11,"2021,2022,2025,2026"
Vinoba Nagara,1,809,2020-11-08,2026-09-11,"2020,2021,2022,2025,2026"
Rajbagh,1,802,2021-02-09,2026-09-11,"2021,2022,2025,2026"
Deshpande Nagar,1,786,2018-10-03,2026-04-07,"2018,2019,2020,2021,2022,2025,2026"
Lajpat Nagar,2,776,2018-03-09,2025-08-14,"2018,2019,2020,2021,2022,2025"
Jawahar Nagar,1,761,2021-01-12,2026-09-11,"2021,2022,2025,2026"
Madan Mohan Malaviya University of Technology,1,753,2021-07-01,2026-09-11,"2021,2022,2025,2026"
New Collectorate,1,741,2018-08-10,2022-01-31,"2018,2019,2020,2021,2022"
GIFT City,2,735,2021-06-19,2026-09-11,"2021,2022,2025,2026"
IIPHG Lekawada,1,735,2021-06-19,2026-09-11,"2021,2022,2025,2026"
Omex Eternity,1,735,2021-08-25,2026-09-11,"2021,2022,2025,2026"
Diwator Nagar,1,732,2020-12-16,2026-07-31,"2020,2021,2022,2025,2026"
Mangala,1,723,2021-09-22,2026-09-11,"2021,2022,2025,2026"
Anthoni Pillai Nagar,1,720,2021-01-05,2026-09-10,"2021,2022,2025,2026"
Employment Office,1,717,2021-11-10,2026-09-11,"2021,2022,2025,2026"
Nagla Bhau,1,711,2021-07-18,2026-09-11,"2021,2022,2025,2026"
Mayaganj,1,697,2021-11-22,2026-09-11,"2021,2022,2025,2026"
Gandak Colony,1,692,2021-07-18,2026-09-11,"2021,2022,2025,2026"
DM Office_Kachari Chowk,1,685,2021-11-22,2026-09-11,"2021,2022,2025,2026"
Buddhi Vihar,1,685,2021-12-10,2026-09-11,"2021,2022,2025,2026"
Naharlagun,1,681,2021-04-26,2026-09-11,"2021,2022,2025,2026"
Mariam Nagar,1,673,2021-11-22,2026-09-11,"2021,2022,2025,2026"
D M Colony,1,672,2021-07-22,2026-09-10,"2021,2022,2025,2026"
Darshan Nagar,1,667,2021-11-22,2026-09-11,"2021,2022,2025,2026"
Kamalnath Nagar,1,666,2021-07-18,2026-09-11,"2021,2022,2025,2026"
Jigar Colony,1,663,2021-12-18,2026-09-11,"2021,2022,2025,2026"
Dada Peer,1,657,2021-11-12,2026-09-11,"2021,2022,2025,2026"
SaneguravaHalli,1,657,2016-03-21,2018-02-21,"2016,2017,2018"
Kharahiya Basti,1,656,2021-12-17,2026-09-11,"2021,2022,2025,2026"
Mirchaibari,1,654,2021-11-22,2026-09-11,"2021,2022,2025,2026"
Devaraj Urs Badavane,1,654,2021-01-12,2026-09-10,"2021,2022,2025,2026"
Forest Rest House,1,650,2021-12-02,2026-09-11,"2021,2022,2025,2026"
Kadri,1,649,2021-01-04,2026-08-24,"2021,2022,2025,2026"
New DM Office,1,648,2021-12-16,2026-09-11,"2021,2022,2025,2026"
Kochi,1,648,2020-02-05,2022-10-16,"2020,2021,2022"
Eco Herbal Park,1,647,2022-01-20,2026-09-11,"2022,2025,2026"
Chitragupta Nagar,1,646,2021-11-22,2026-09-07,"2021,2022,2025,2026"
Sardar Patel Inter College,1,635,2022-03-25,2026-09-11,"2022,2025,2026"
Dangi Tola,1,635,2021-11-23,2026-09-11,"2021,2022,2025,2026"
HIMUDA Complex Phase,1,634,2022-03-25,2026-09-11,"2022,2025,2026"
DM Office_Kasipur,1,627,2022-03-25,2026-09-11,"2022,2025,2026"
Central Jail,2,624,2021-11-22,2026-09-10,"2021,2022,2025,2026"
Bardowali,1,616,2022-03-25,2026-09-11,"2022,2025,2026"
City Railway Station,1,614,2016-03-21,2018-02-22,"2016,2017,2018"
DRCC Anandpur,2,599,2022-04-04,2026-09-11,"2022,2025,2026"
Dehradun,1,592,2022-04-23,2026-09-11,"2022,2025,2026"
Vibhab Nagar,1,588,2022-05-05,2026-09-11,"2022,2025,2026"
Kalindi Kunj,1,586,2022-06-02,2026-09-11,"2022,2025,2026"
Gurdeo Nagar,1,582,2022-03-31,2026-09-04,"2022,2025,2026"
Civic Center,1,581,2021-11-16,2026-09-11,"2021,2022,2025,2026"
Kashiram Nagar,1,576,2022-09-23,2026-09-11,"2022,2025,2026"
Rajendra Nagar,1,575,2022-06-02,2026-09-11,"2022,2025,2026"
Transport Nagar,1,573,2022-09-23,2026-09-11,"2022,2025,2026"
Gulzarpet,1,571,2022-09-23,2026-09-11,"2022,2025,2026"
Zero Point GICI,2,568,2022-04-06,2026-09-11,"2022,2025,2026"
Girls College,1,566,2022-09-29,2026-09-11,"2022,2025,2026"
Palayam,1,562,2020-02-05,2022-10-16,"2020,2021,2022"
Radhakishan Pura,1,559,2025-02-19,2026-09-11,"2025,2026"
Vedhaynath Colony,1,559,2025-02-19,2026-09-11,"2025,2026"
Karni Colony,1,559,2025-02-19,2026-09-11,"2025,2026"
Railway Colony,1,559,2025-02-19,2026-09-11,"2025,2026"
Dhoinda,1,559,2025-02-19,2026-09-11,"2025,2026"
Sadar Bazar,1,559,2025-02-19,2026-09-11,"2025,2026"
Sahu Nagar,1,559,2025-02-19,2026-09-11,"2025,2026"
Pratap Nagar,1,559,2025-02-19,2026-09-11,"2025,2026"
Krishna Nagar,1,559,2025-02-19,2026-09-11,"2025,2026"
Govindh Bhavan Colony,1,558,2025-02-19,2026-09-11,"2025,2026"
Khatikan Mohalla,1,558,2025-02-19,2026-09-11,"2025,2026"
Forest Office,1,558,2025-02-19,2026-09-11,"2025,2026"
Mudtra Sili,1,558,2025-02-19,2026-09-11,"2025,2026"
Bamboliya,1,558,2025-02-19,2026-09-11,"2025,2026"
Rajlaxmi Nagar,1,558,2025-02-19,2026-09-11,"2025,2026"
Indra Nagar,1,558,2025-02-19,2026-09-11,"2025,2026"
Maharaj Bada,1,557,2025-02-19,2026-09-11,"2025,2026"
Pragati Nagar,1,557,2025-02-19,2026-09-11,"2025,2026"
New Colony,1,557,2025-02-19,2026-09-11,"2025,2026"
Old City,1,557,2025-02-19,2026-09-11,"2025,2026"
Bhoiwada,1,556,2025-02-19,2026-09-11,"2025,2026"
Satyawati Vihar,1,556,2025-02-19,2026-09-11,"2025,2026"
Subash Chowk,1,555,2025-02-19,2026-09-11,"2025,2026"
Rati Talai,1,555,2025-02-19,2026-09-11,"2025,2026"
Patia,1,555,2025-02-19,2026-09-11,"2025,2026"
Kalidaspur,1,554,2025-02-19,2026-09-11,"2025,2026"
Siltara Phase,1,553,2025-02-19,2026-09-11,"2025,2026"
Ramdaspeth,1,553,2025-02-19,2026-09-11,"2025,2026"
Gokul Nagar,1,553,2025-02-19,2026-09-11,"2025,2026"
Housing Board,1,553,2025-02-19,2026-09-11,"2025,2026"
Yerramukkapalli,1,553,2025-02-19,2026-09-11,"2025,2026"
Raja Ganj,1,552,2025-02-19,2026-09-11,"2025,2026"
Hakimapada,1,552,2025-02-19,2026-09-11,"2025,2026"
Botanical Garden,1,551,2025-02-19,2026-09-11,"2025,2026"
CDA Area,1,551,2025-02-19,2026-09-11,"2025,2026"
Tarapur,1,551,2025-02-19,2026-09-11,"2025,2026"
Vasundhara Nagar_UIT,1,551,2025-02-19,2026-09-11,"2025,2026"
Kasarvadavali,1,551,2025-02-19,2026-09-11,"2025,2026"
Lingraj Mandir,1,551,2025-02-19,2026-09-11,"2025,2026"
Meher Colony,1,550,2025-02-19,2026-09-11,"2025,2026"
Fertilizer Township,1,550,2025-02-19,2026-09-11,"2025,2026"
Mahatma Basaveswar Colony,1,550,2025-02-19,2026-09-11,"2025,2026"
CECB,1,549,2025-02-19,2026-09-11,"2025,2026"
Upvan Fort,1,549,2025-02-19,2026-09-11,"2025,2026"
Chauhan Colony,1,547,2025-02-19,2026-09-11,"2025,2026"
SVSPA Campus,1,546,2025-02-19,2026-09-11,"2025,2026"
Thergaon,1,546,2025-02-19,2026-09-11,"2025,2026"
Ferro Chrome Colony,1,546,2025-02-19,2026-09-11,"2025,2026"
Sardar Patel Nagar,1,546,2025-02-19,2026-09-11,"2025,2026"
OP Jindal School,1,545,2025-02-19,2026-09-11,"2025,2026"
Bata Chowk,1,545,2025-02-19,2026-09-11,"2025,2026"
MM Ground,1,544,2025-02-19,2026-09-11,"2025,2026"
Kamble Tarf Birwadi,1,543,2025-02-19,2026-09-11,"2025,2026"
Sidhi Vinayak Nagar,1,542,2025-02-19,2026-09-11,"2025,2026"
Vaikuntapuram,1,542,2025-02-19,2026-09-11,"2025,2026"
Pandav Nagari,1,542,2025-02-19,2026-09-11,"2025,2026"
Central Academy for SFS,1,541,2025-02-19,2026-09-11,"2025,2026"
Krishak Nagar,1,541,2025-02-19,2026-09-11,"2025,2026"
CBD Belapur,1,540,2025-02-19,2026-09-11,"2025,2026"
Hirawadi,1,539,2025-02-19,2026-09-11,"2025,2026"
Shri Shivaji Science College,1,539,2025-02-19,2026-09-11,"2025,2026"
Evelyn Lodge,1,538,2025-02-19,2026-09-11,"2025,2026"
Gavalinagar,1,538,2025-02-19,2026-09-11,"2025,2026"
MIDC Ambad,1,538,2025-02-19,2026-09-11,"2025,2026"
Suhagi,1,538,2025-02-19,2026-09-11,"2025,2026"
Sinchan Bhavan,1,537,2025-02-19,2026-09-11,"2025,2026"
Amity University,1,537,2025-02-19,2026-09-11,"2025,2026"
Kacheripady,1,536,2020-02-05,2022-10-16,"2020,2021,2022"
Gangineni Cheruvu,1,536,2025-02-19,2026-09-11,"2025,2026"
Dnyaneshwar Nagar,1,535,2025-02-20,2026-09-11,"2025,2026"
Mahishkapur Road_B,1,535,2025-02-19,2026-09-11,"2025,2026"
Prabhat Colony,1,534,2025-02-19,2026-09-11,"2025,2026"
Nawapara SECL Colony,1,534,2025-02-19,2026-09-11,"2025,2026"
Rachnakar Colony,1,533,2025-02-19,2026-09-11,"2025,2026"
Mahabir Colliery,1,532,2025-02-19,2026-09-11,"2025,2026"
Christianpatty,1,532,2025-02-19,2026-09-11,"2025,2026"
Bolinj,1,532,2025-02-19,2026-09-11,"2025,2026"
Sneh Nagar,1,531,2025-02-19,2026-09-11,"2025,2026"
Ratandeep Housing Society,1,531,2025-02-19,2026-09-11,"2025,2026"
Khaira,1,531,2025-02-19,2026-09-11,"2025,2026"
Bhatagaon New ISBT,1,529,2025-02-21,2026-09-11,"2025,2026"
PCBL Residential Complex,1,529,2025-02-19,2026-09-11,"2025,2026"
Collector Office,1,529,2025-02-19,2026-09-11,"2025,2026"
Shivneri Colony,1,529,2025-02-19,2026-09-11,"2025,2026"
Dasnagar,1,529,2025-02-19,2026-09-11,"2025,2026"
Raghunathpali,1,528,2025-02-19,2026-09-11,"2025,2026"
Lingaraj Nagar,1,528,2025-02-19,2026-09-11,"2025,2026"
Shivaji University,1,527,2025-02-19,2026-09-11,"2025,2026"
Savta Mali Nagar,1,526,2025-02-19,2026-09-11,"2025,2026"
Sawe Wadi,1,525,2025-02-19,2026-09-11,"2025,2026"
Mahesh Nagar,1,525,2025-02-19,2026-09-11,"2025,2026"
Kalabhavan,1,525,2025-02-19,2026-09-11,"2025,2026"
Trivenidevi Bhalotia College,1,524,2025-02-19,2026-09-11,"2025,2026"
Rampur,1,523,2025-02-19,2026-09-11,"2025,2026"
Govt. Girls Inter College,1,523,2025-02-19,2026-09-11,"2025,2026"
Urja Nagar,1,523,2025-02-19,2026-09-11,"2025,2026"
Bhayandar West,1,523,2025-02-19,2026-09-11,"2025,2026"
Park Street Wakad,1,521,2025-02-19,2026-09-11,"2025,2026"
Tata Township,1,518,2025-02-19,2026-09-11,"2025,2026"
OP Jindal Industrial Park,1,518,2025-02-19,2026-09-11,"2025,2026"
AIIMS,1,518,2025-02-19,2026-09-11,"2025,2026"
MIDC Chilkalthana,1,516,2025-02-19,2026-09-11,"2025,2026"
Gupteshwar,1,515,2025-02-19,2026-08-24,"2025,2026"
Tarakpur,1,515,2025-02-19,2026-09-11,"2025,2026"
Katrap,1,514,2025-02-19,2026-09-11,"2025,2026"
Divisional Forest Office,1,509,2025-02-19,2026-09-11,"2025,2026"
Govt. Higher Secondary School,1,509,2025-02-19,2026-09-11,"2025,2026"
Jagamohanpur,1,506,2025-02-19,2026-09-11,"2025,2026"
Deopur,1,506,2025-02-19,2026-09-11,"2025,2026"
Hathkhoj,1,504,2025-02-19,2026-09-11,"2025,2026"
Dabuna,1,503,2025-02-19,2026-09-11,"2025,2026"
Old MIDC,1,497,2025-02-20,2026-09-11,"2025,2026"
B.Katihalli,2,482,2021-03-26,2026-06-22,"2021,2022,2025,2026"
Barsua Iron Ore Mines,1,473,2025-02-19,2026-09-11,"2025,2026"
SIPCOT Industrial Park,1,467,2025-02-19,2026-07-31,"2025,2026"
Panchal Nagar,1,467,2021-01-04,2026-09-11,"2021,2022,2025,2026"
Uchapatti,1,433,2025-02-19,2026-08-25,"2025,2026"
Masoom Colony,1,427,2025-02-19,2026-09-11,"2025,2026"
OMC Colony,1,424,2025-02-19,2026-09-11,"2025,2026"
Haji Colony,1,398,2020-12-16,2026-04-14,"2020,2021,2022,2025,2026"
Semmandalam,1,397,2025-02-19,2026-09-11,"2025,2026"
KHB Colony,1,396,2025-02-19,2026-09-11,"2025,2026"
Chalai Bazaar,1,386,2022-09-23,2026-09-02,"2022,2025,2026"
Victoria Memorial,1,386,2016-06-25,2017-10-18,"2016,2017"
Kudikadu,1,368,2025-02-19,2026-09-08,"2025,2026"
Ramteerth Nagar,1,362,2022-09-23,2026-09-11,"2022,2025,2026"
JN Stadium,1,361,2022-04-19,2026-09-03,"2022,2025,2026"
Mendonsa Colony,1,351,2022-09-23,2026-07-11,"2022,2025,2026"
SIPCOT Nathampannai,1,340,2025-02-19,2026-04-21,"2025,2026"
Kumaran College,1,334,2022-09-23,2026-04-14,"2022,2025,2026"
Parisutham Nagar,1,320,2025-02-19,2026-03-11,"2025,2026"
Sona College of Technology,2,319,2022-09-23,2026-01-10,"2022,2025,2026"
Phool Bagh,1,316,2020-02-03,2025-02-20,"2020,2021,2025"
Naubad,1,314,2021-01-04,2026-04-19,"2021,2022,2025,2026"
Bombay Castel,1,313,2022-09-23,2026-04-24,"2022,2025,2026"
Velippalayam,1,311,2025-02-19,2026-04-29,"2025,2026"
Uptitude Cloud Pvt Ltd,1,305,2025-11-10,2026-09-11,"2025,2026"
Kunjaban,2,304,2020-11-08,2026-05-30,"2020,2021,2022,2026"
Keelapalur,1,301,2025-02-19,2026-02-19,"2025,2026"
Crescent University,1,284,2022-09-27,2026-01-10,"2022,2025,2026"
Bharathidasan University,1,278,2025-02-19,2026-03-09,"2025,2026"
St Joseph College,1,277,2025-02-19,2025-11-29,2025
Thimmalapura,1,276,2025-02-19,2026-09-10,"2025,2026"
SIPCOT Phase,2,265,2022-09-23,2025-11-15,"2022,2025"
Vasanthapuram,2,263,2022-10-11,2025-12-09,"2022,2025"
Kamadenu Nagar,1,253,2025-02-19,2026-01-10,"2025,2026"
Kilambi,1,245,2025-02-19,2025-11-17,2025
Tamaka Ind. Area,1,235,2021-01-12,2026-09-01,"2021,2022,2025,2026"
Mahashweta Nagar,1,232,2026-01-09,2026-09-11,2026
Vidhyanagar,1,227,2026-01-27,2026-09-11,2026
Khunmoh,1,224,2025-12-16,2026-09-09,"2025,2026"
Vadodara,1,224,2026-01-30,2026-09-11,2026
Mavdi,1,223,2026-01-30,2026-09-11,2026
Sadanand Nagar,1,223,2026-01-30,2026-09-11,2026
Ashwini Nagar,2,209,2022-04-11,2026-03-13,"2022,2025,2026"
Elamkulam,1,200,2026-02-24,2026-09-11,2026
VOC Nagar_SIPCOT,1,199,2025-02-19,2025-10-31,2025
Khrew,1,197,2025-12-17,2026-09-09,"2025,2026"
Manipur University,2,194,2022-04-20,2025-07-25,"2022,2025"
Vithalwadi,1,190,2026-03-03,2026-09-11,2026
Kalu Nagar,1,186,2026-03-09,2026-09-11,2026
DM College of Science,2,181,2022-04-19,2025-09-07,"2022,2025"
Bir,1,181,2026-03-09,2026-09-11,2026
Ashta Vinayak Nagar,1,180,2026-03-10,2026-09-11,2026
Chinchpada,1,180,2026-03-10,2026-09-11,2026
District Court,1,173,2026-03-11,2026-09-11,2026
Indira Nagar,1,169,2026-02-25,2026-09-11,2026
Rajendra Nagar North,1,167,2026-03-11,2026-09-11,2026
Nongthymmai,1,164,2026-03-30,2026-09-11,2026
Ambedkar Nagar,1,154,2026-03-18,2026-09-11,2026
Brahmagiri,1,151,2021-02-10,2026-08-11,"2021,2022,2025,2026"
Ponnusamy Nagar,1,149,2025-03-20,2025-11-12,2025
SRM University,1,142,2026-04-09,2026-09-11,2026
MIET College,1,140,2026-04-17,2026-09-11,2026
Prashant Garden,1,133,2026-04-07,2026-09-11,2026
Koyana Nagar,1,129,2026-04-20,2026-09-11,2026
Altair's Home,1,99,2025-05-24,2025-09-09,2025
Pali Dungra,1,87,2026-06-16,2026-09-11,2026
Dadupura,1,79,2026-06-25,2026-09-11,2026
Mahakaleshwar Temple,1,71,2025-02-19,2025-05-05,2025
Sita Rama Nagar,1,68,2026-06-30,2026-09-11,2026
New Anaj Mandi,1,67,2026-06-15,2026-09-11,2026
Anand Nagar,1,49,2026-07-06,2026-09-11,2026
New Tehsil,1,47,2026-07-07,2026-09-11,2026
Rajanpur,1,47,2026-07-24,2026-09-11,2026
Rama Rao Peta,1,42,2026-07-24,2026-09-11,2026
Vigyan Nagar,1,39,2026-07-20,2026-09-11,2026
Collectorate Office,1,38,2025-02-19,2025-12-11,2025
Chinna Bharatham Colony,1,29,2026-07-24,2026-09-05,2026
Skara Yokma,1,24,2026-08-10,2026-09-11,2026
Nagar Palika Parishad,1,20,2026-08-13,2026-09-03,2026
Birla Staff colony,1,6,2018-03-09,2018-03-14,2018
