station_id,station_name,city,latitude,longitude,first_timestamp_utc,last_timestamp_utc,coverage_duration_days,hourly_observation_count,min_pm25_ug_m3,mean_pm25_ug_m3,max_pm25_ug_m3,temporal_completeness_pct,unit,selection_status
3409464,"Ambazari, Nagpur - MPCB",Nagpur,21.121801,79.04952,2025-02-18 20:00:00,2025-05-05 18:00:00,75.9,1716,0.0,53.2,144.61,94.1,µg/m³,SELECTED_HIGH_QUALITY
3409501,"Airport Area, Indore - IMC",Indore,22.7289,75.8076,2025-02-18 20:00:00,2025-05-05 18:00:00,75.9,1714,0.0,20.55,90.5,94.0,µg/m³,SELECTED_HIGH_QUALITY
8557,Hyderabad,Hyderabad,17.38405,78.45636,2016-11-09 17:00:00,2017-01-22 18:00:00,74.0,1711,34.4,94.88,289.4,96.2,µg/m³,SELECTED_HIGH_QUALITY
3409465,"Ram Nagar, Nagpur - MPCB",Nagpur,21.143383,79.048912,2025-02-18 20:00:00,2025-05-05 18:00:00,75.9,1705,0.0,56.8,379.04,93.5,µg/m³,SELECTED_HIGH_QUALITY
3409371,"Science Center, Surat - SMC",Surat,21.170046,72.795405,2025-02-18 20:00:00,2025-05-07 18:00:00,77.9,1670,0.0,24.99,1000.0,89.3,µg/m³,SELECTED_HIGH_QUALITY
3409431,"Digari Kalan, Jodhpur - RSPCB",Jodhpur,26.29581,73.08228299999999,2025-02-18 20:00:00,2025-05-05 18:00:00,75.9,1663,1.0,36.19,261.0,91.2,µg/m³,SELECTED_HIGH_QUALITY
3409492,"HB Colony, Vijayawada - APPCB",Vijayawada,16.536107,80.594233,2025-02-18 20:00:00,2025-05-09 18:00:00,79.9,1660,20.85,38.36,419.26,86.5,µg/m³,SELECTED_HIGH_QUALITY
3409518,"Rajiv Nagar, Vijayawada - APPCB",Vijayawada,16.554731,80.64911,2025-02-18 20:00:00,2025-05-07 18:00:00,77.9,1656,11.96,35.23,207.21,88.5,µg/m³,SELECTED_HIGH_QUALITY
10903,"Railway Colony, Guwahati - APCB",Guwahati,26.181742,91.78063,2019-12-24 09:00:00,2020-03-07 18:00:00,74.4,1654,0.0,128.69,801.0,92.6,µg/m³,SELECTED_HIGH_QUALITY
6003651,SVNIT Surat,Surat,21.7653,72.7855,2025-10-03 16:00:00,2026-02-27 18:00:00,147.1,1650,0.01,99.31,491.93,46.7,µg/m³,SELECTED_HIGH_QUALITY
6221294,"Bapunagar, Vadodara - Nexteng Envir",Vadodara,22.320153,73.216285,2026-01-30 11:00:00,2026-04-14 18:00:00,74.3,1648,0.0,58.65,295.16,92.4,µg/m³,SELECTED_HIGH_QUALITY
10910,"Sector-12, Karnal - HSPCB",Sector,29.6953,77.0027,2019-02-12 01:00:00,2019-09-15 18:00:00,215.7,1646,0.0,46.29,762.21,31.8,µg/m³,SELECTED_HIGH_QUALITY
6221295,"Katargam, Surat - Nexteng Enviro",Surat,21.217779,72.834787,2026-01-30 12:00:00,2026-04-14 18:00:00,74.2,1646,0.0,56.46,233.97,92.3,µg/m³,SELECTED_HIGH_QUALITY
6981,"Fort William, Kolkata - WBPCB",Kolkata,22.55664,88.342674,2019-06-18 23:00:00,2019-09-06 18:00:00,79.8,1621,0.0,27.33,95.66,84.6,µg/m³,SELECTED_HIGH_QUALITY
6980,"Sector-1, Noida - UPPCB",Noida,28.589247,77.321962,2019-06-28 05:00:00,2019-09-12 18:00:00,76.5,1621,3.0,38.09,166.0,88.2,µg/m³,SELECTED_HIGH_QUALITY
10911,"Marhatal, Jabalpur - MPPCB",Marhatal,23.168606,79.932247,2019-09-23 09:00:00,2019-12-19 18:00:00,87.4,1597,1.0,69.35,426.0,76.1,µg/m³,SELECTED_HIGH_QUALITY
3409493,"Rajiv Gandhi Park, Vijayawada - APP",Vijayawada,16.509717,80.612222,2025-02-18 20:00:00,2025-05-06 18:00:00,76.9,1588,21.54,43.87,242.08,86.0,µg/m³,SELECTED_HIGH_QUALITY
6943,"Mahape, Navi Mumbai - MPCB",Mumbai,19.1135051,73.008978,2019-06-27 05:00:00,2019-09-12 18:00:00,77.5,1582,0.0,27.86,985.0,85.0,µg/m³,SELECTED_HIGH_QUALITY
10919,"Sanjay Nagar, Ghaziabad - UPPCB",Ghaziabad,28.685382,77.453839,2019-04-27 11:00:00,2019-09-27 18:00:00,153.3,1572,1.0,45.68,331.25,42.7,µg/m³,SELECTED_HIGH_QUALITY
8914,"SIDCO Kurichi, Coimbatore - TNPCB",Coimbatore,10.942451,76.978996,2019-07-11 11:00:00,2019-10-03 18:00:00,84.3,1570,0.0,26.74,77.54,77.6,µg/m³,SELECTED_HIGH_QUALITY
7005,"Loni, Ghaziabad - UPPCB",Ghaziabad,28.757294,77.278792,2019-04-27 11:00:00,2019-09-16 18:00:00,142.3,1569,1.5,44.46,310.25,45.9,µg/m³,SELECTED_HIGH_QUALITY
10914,"Sector-25, Chandigarh - CPCC",Chandigarh,30.751462,76.762879,2019-09-17 05:00:00,2019-12-12 18:00:00,86.5,1563,0.0,66.53,999.99,75.2,µg/m³,SELECTED_HIGH_QUALITY
7292,"Chhoti Gwaltoli, Indore - MPPCB",Indore,22.431,75.5213,2019-09-23 09:00:00,2019-12-18 18:00:00,86.4,1560,2.0,60.48,234.25,75.2,µg/m³,SELECTED_HIGH_QUALITY
6987,"Vile Parle West, Mumbai - MPCB",Mumbai,19.10861,72.83622,2019-06-18 23:00:00,2019-10-03 18:00:00,106.8,1559,0.0,21.43,985.0,60.8,µg/m³,SELECTED_HIGH_QUALITY
8245,"Gole Bazar, Katni - MPPCB",Gole Bazar,23.50016,80.23284,2020-01-07 10:00:00,2020-03-23 16:00:00,76.2,1551,2.0,71.84,445.0,84.7,µg/m³,SELECTED_HIGH_QUALITY
10599,"Rajbansi Nagar, Patna - BSPCB",Patna,25.599486,85.113666,2019-12-26 05:00:00,2020-03-11 18:00:00,76.5,1551,0.0,79.79,522.53,84.4,µg/m³,SELECTED_HIGH_QUALITY
10896,"Chhoti Gwaltoli, Indore - MPPCB",Indore,22.431,75.5213,2020-01-06 10:00:00,2020-03-22 17:00:00,76.3,1549,5.0,52.04,360.67,84.6,µg/m³,SELECTED_HIGH_QUALITY
10913,"T T Nagar, Bhopal - MPPCB",Bhopal,23.233584,77.400574,2019-09-23 09:00:00,2019-12-19 18:00:00,87.4,1542,1.0,69.05,515.75,73.5,µg/m³,SELECTED_HIGH_QUALITY
8915,"Wazirpur, Delhi - DPCC",Delhi,28.699793,77.165453,2018-12-15 15:00:00,2019-09-01 18:00:00,260.1,1527,2.0,107.98,1029.0,24.5,µg/m³,SELECTED_HIGH_QUALITY
278418,"Sector-53, Chandigarh - CPCC",Chandigarh,30.719859000000003,76.738637,2022-01-31 07:00:00,2022-09-24 17:00:00,236.4,1526,1.0,67.62,241.0,26.9,µg/m³,SELECTED_HIGH_QUALITY
10904,"Rabindra Sarobar, Kolkata - WBPCB",Kolkata,22.51106,88.35142,2019-08-09 07:00:00,2019-10-23 15:00:00,75.3,1521,0.0,19.56,101.47,84.1,µg/m³,SELECTED_HIGH_QUALITY
3409390,"LGBI Airport, Guwahati - PCBA",Guwahati,26.10887,91.589544,2025-02-18 20:00:00,2025-05-07 18:00:00,77.9,1515,1.0,70.58,383.0,81.0,µg/m³,SELECTED_HIGH_QUALITY
6975,"Silk Board, Bengaluru - KSPCB",Bengaluru,12.917348,77.622813,2018-08-10 06:00:00,2018-10-30 18:00:00,81.5,1512,1.0,33.84,167.5,77.3,µg/m³,SELECTED_HIGH_QUALITY
703,Collectorate Jodhpur - RSPCB,Jodhpur,26.2920639,73.0379111111111,2016-03-21 18:00:00,2016-06-05 18:00:00,76.0,1497,1.38,102.92,999.99,82.0,µg/m³,SELECTED_HIGH_QUALITY
234568,"FTI Kidwai Nagar, Kanpur - UPPCB",Kanpur,26.428282,80.327067,2021-09-03 11:00:00,2021-11-28 18:00:00,86.3,1487,0.0,69.48,1095.54,71.8,µg/m³,SELECTED_HIGH_QUALITY
10907,"City Center, Gwalior - MPPCB",City Center,26.203442,78.193251,2020-02-03 08:00:00,2020-04-18 17:00:00,75.4,1487,1.0,52.22,238.75,82.2,µg/m³,SELECTED_HIGH_QUALITY
10633,"Victoria, Kolkata - WBPCB",Kolkata,22.5448082,88.3403691,2018-04-15 22:00:00,2018-10-05 18:00:00,172.8,1451,0.0,30.43,148.04,35.0,µg/m³,SELECTED_HIGH_QUALITY
361378,"Paryavaran Parisar, Bhopal - MPPCB",Bhopal,23.210494,77.425409,2022-09-22 20:00:00,2025-04-09 00:00:00,929.2,1450,1.5,41.37,297.25,6.5,µg/m³,SELECTED_HIGH_QUALITY
233415,"Sector 22, Chandigarh - CPCC",Chandigarh,30.735567,76.77571400000001,2021-08-25 16:00:00,2021-11-26 17:00:00,93.0,1445,1.0,49.17,251.0,64.7,µg/m³,SELECTED_HIGH_QUALITY
8916,"Vyttila, Kochi - Kerala PCB",Kochi,9.969447,76.321186,2020-02-05 08:00:00,2020-04-21 18:00:00,76.4,1443,0.0,39.99,259.0,78.6,µg/m³,SELECTED_HIGH_QUALITY
7140,"Gomti Nagar, Lucknow - UPPCB",Lucknow,26.86812,81.005119,2019-08-07 09:00:00,2019-11-27 18:00:00,112.4,1421,0.0,98.61,985.0,52.7,µg/m³,SELECTED_HIGH_QUALITY
10909,"Vijay Nagar, Ramanagara - KSPCB",Vijay Nagar,12.733409,77.298051,2019-09-23 09:00:00,2019-12-29 09:00:00,97.0,1383,1.0,23.24,83.0,59.4,µg/m³,SELECTED_HIGH_QUALITY
2596,"Solapur, Solapur - MPCB",Solapur,17.6599188,75.9063906,2016-03-21 18:00:00,2016-07-04 18:00:00,105.0,1336,0.02,25.2,127.56,53.0,µg/m³,SELECTED_HIGH_QUALITY
8190,"Kariavattom, Thiruvananthapuram - K",Thiruvananthapuram,8.5637,76.8865,2020-02-17 10:00:00,2020-05-07 18:00:00,80.3,1331,0.0,33.51,631.89,69.0,µg/m³,SELECTED_HIGH_QUALITY
8558,Chennai,Chennai,13.08784,80.278475,2016-11-09 17:00:00,2017-01-22 18:00:00,74.0,1323,0.2,58.68,503.6,74.4,µg/m³,SELECTED_HIGH_QUALITY
8039,Mumbai,Mumbai,19.07283,72.88261,2016-11-09 17:00:00,2017-01-22 18:00:00,74.0,1306,31.9,116.22,381.3,73.5,µg/m³,SELECTED_HIGH_QUALITY
10645,"Industrial Area, Hajipur - BSPCB",Industrial Area,25.697189,85.2459,2020-03-02 09:00:00,2020-05-17 12:00:00,76.1,1293,0.0,30.81,140.03,70.7,µg/m³,SELECTED_HIGH_QUALITY
10820,"Sector 30, Faridabad - HSPCB",Faridabad,28.4417,77.3217,2020-03-11 08:00:00,2020-05-26 13:00:00,76.2,1292,0.0,50.29,633.02,70.6,µg/m³,SELECTED_HIGH_QUALITY
10545,"Civil Lines, Ajmer - RSPCB",Civil Lines,26.470859,74.646594,2018-04-16 03:00:00,2018-09-30 18:00:00,167.6,1272,0.0,37.68,772.0,31.6,µg/m³,SELECTED_HIGH_QUALITY
229252,"NSI Kalyanpur, Kanpur - UPPCB",Kanpur,26.509954,80.249612,2021-07-09 16:00:00,2021-11-13 18:00:00,127.1,1269,0.0,55.52,1211.58,41.6,µg/m³,SELECTED_HIGH_QUALITY
7880,"Sikulpuikawn, Aizawl - Mizoram PCB",Sikulpuikawn,23.7176342,92.7192841,2020-03-19 04:00:00,2020-06-08 18:00:00,81.6,1167,0.0,22.47,111.37,59.6,µg/m³,SELECTED_HIGH_QUALITY
5559,"Collectorate, Gaya - BSPCB",Gaya,24.7955,84.9994,2018-03-09 05:00:00,2018-09-03 18:00:00,178.5,1135,0.0,89.72,384.0,26.5,µg/m³,SELECTED_HIGH_QUALITY
5599,"Bollaram Industrial Area, Hyderabad",Hyderabad,17.540891,78.358528,2018-03-09 05:00:00,2018-09-03 18:00:00,178.5,1132,0.0,42.28,150.0,26.4,µg/m³,SELECTED_HIGH_QUALITY
301,"Vikas Sadan, Gurugram - HSPCB",Gurugram,28.4501238,77.0263051,2016-03-25 07:00:00,2016-06-12 18:00:00,79.5,1121,0.45,99.22,752.62,58.8,µg/m³,SELECTED_HIGH_QUALITY
7494,"SFTI Kusdihra, Gaya - BSPCB",Gaya,24.762518,84.982348,2020-03-02 09:00:00,2020-05-18 17:00:00,77.3,1105,0.0,66.72,999.99,59.5,µg/m³,SELECTED_HIGH_QUALITY
228397,"IESD Banaras Hindu University, Vara",Varanasi,25.262326,82.995408,2021-06-21 23:00:00,2021-11-04 18:00:00,135.8,1104,0.0,22.27,426.62,33.9,µg/m³,SELECTED_HIGH_QUALITY
5598,"Sector - 125, Noida, UP - UPPCB",Noida,28.5447608,77.3231257,2018-03-09 05:00:00,2018-09-03 18:00:00,178.5,1102,8.5,81.9,985.0,25.7,µg/m³,SELECTED_HIGH_QUALITY
5590,"Ardhali Bazar, Varanasi - UPPCB",Varanasi,25.3505986,82.9083074,2018-03-09 05:00:00,2018-09-02 18:00:00,177.5,1101,0.0,76.88,404.0,25.8,µg/m³,SELECTED_HIGH_QUALITY
10921,"NISE Gwal Pahari, Gurugram - IMD",Gurugram,28.422681,77.148944,2018-11-16 09:00:00,2019-09-11 18:00:00,299.4,1100,0.0,54.34,344.26,15.3,µg/m³,SELECTED_HIGH_QUALITY
5548,"BTM Layout, Bengaluru - CPCB",Bengaluru,12.9135218,77.5950804,2018-03-09 05:00:00,2018-09-08 13:00:00,183.3,1094,0.0,34.03,999.99,24.9,µg/m³,SELECTED_HIGH_QUALITY
5667,"Bhopal Chauraha, Dewas - MPPCB",Bhopal,22.9682591,76.064118,2018-03-09 05:00:00,2018-08-29 18:00:00,173.5,1091,1.25,43.62,985.0,26.2,µg/m³,SELECTED_HIGH_QUALITY
228403,"Bhelupur, Varanasi - UPPCB",Varanasi,25.301778,82.996789,2021-06-22 02:00:00,2021-11-05 18:00:00,136.7,1087,0.0,31.43,1473.39,33.1,µg/m³,SELECTED_HIGH_QUALITY
5662,"Nehru Nagar, Kanpur - UPPCB",Kanpur,26.4703136,80.3229863,2018-03-09 05:00:00,2018-08-28 18:00:00,172.5,1086,0.0,60.18,218.0,26.2,µg/m³,SELECTED_HIGH_QUALITY
5623,"Central University, Hyderabad - TSP",Hyderabad,17.460103,78.334361,2018-03-09 05:00:00,2018-08-29 18:00:00,173.5,1085,0.5,32.44,119.0,26.0,µg/m³,SELECTED_HIGH_QUALITY
10900,"Teri Gram, Gurugram - HSPCB",Gurugram,28.4275,77.1465,2020-03-30 15:00:00,2020-06-19 18:00:00,81.1,1085,0.0,48.82,159.0,55.7,µg/m³,SELECTED_HIGH_QUALITY
5631,"Maninagar, Ahmedabad - GPCB",Ahmedabad,23.002657,72.591912,2018-03-09 05:00:00,2018-08-28 18:00:00,172.5,1081,0.0,79.7,332.0,26.1,µg/m³,SELECTED_HIGH_QUALITY
5659,"Lalbagh, Lucknow - CPCB",Lucknow,26.8458805,80.9365541,2018-03-09 03:00:00,2018-08-28 18:00:00,172.6,1078,0.0,104.42,320.0,26.0,µg/m³,SELECTED_HIGH_QUALITY
17,"R K Puram, Delhi - DPCC",Delhi,28.563262,77.186937,2015-06-29 14:00:00,2016-02-05 16:00:00,221.1,1062,6.0,59.34,368.0,20.0,µg/m³,SELECTED_HIGH_QUALITY
5665,"Vasundhara, Ghaziabad - UPPCB",Ghaziabad,28.6603346,77.3572563,2018-03-09 05:00:00,2018-08-28 18:00:00,172.5,1061,4.75,100.35,985.0,25.6,µg/m³,SELECTED_HIGH_QUALITY
5612,"Shastri Nagar, Jaipur - RSPCB",Jaipur,26.9502929,75.730943,2018-03-09 05:00:00,2018-08-29 18:00:00,173.5,1059,0.0,50.48,397.56,25.4,µg/m³,SELECTED_HIGH_QUALITY
860,"Sanjay Palace, Agra - UPPCB",Agra,27.19865833,78.00598056,2016-03-22 00:00:00,2016-06-12 17:00:00,82.7,1057,0.0,103.87,985.0,53.2,µg/m³,SELECTED_HIGH_QUALITY
5576,"Moti Doongri, Alwar - RSPCB",Moti Doongri,27.554793,76.611536,2018-03-10 19:00:00,2018-09-10 18:00:00,184.0,1052,0.0,47.45,999.99,23.8,µg/m³,SELECTED_HIGH_QUALITY
5544,"Model Town, Patiala - PPCB",Model Town,30.349388,76.366642,2018-03-09 05:00:00,2018-08-28 18:00:00,172.5,1036,0.0,36.46,999.99,25.0,µg/m³,SELECTED_HIGH_QUALITY
5617,"Sector- 16A, Faridabad - HSPCB",Faridabad,28.4088421,77.3099081,2018-03-09 05:00:00,2018-08-31 18:00:00,175.5,1024,3.0,91.42,304.0,24.3,µg/m³,SELECTED_HIGH_QUALITY
5655,"Velachery Res. Area, Chennai - CPCB",Chennai,13.0052189,80.2398125,2018-03-09 05:00:00,2018-08-28 18:00:00,172.5,1017,0.0,37.22,108.0,24.6,µg/m³,SELECTED_HIGH_QUALITY
228297,"SVPI Airport Hansol, Ahmedabad - II",Ahmedabad,23.076793,72.627874,2021-06-18 21:00:00,2021-11-01 18:00:00,135.9,1013,0.0,53.27,1285.6,31.1,µg/m³,SELECTED_HIGH_QUALITY
5646,"Plammoodu, Thiruvananthapuram - Ker",Thiruvananthapuram,8.5149093,76.9435879,2018-03-09 05:00:00,2018-08-30 18:00:00,174.5,1011,0.0,26.09,396.0,24.1,µg/m³,SELECTED_HIGH_QUALITY
5587,"Collectorate, Jodhpur - RSPCB",Jodhpur,26.268249,73.0193853,2018-03-09 05:00:00,2018-08-30 18:00:00,174.5,993,2.36,125.93,474.93,23.7,µg/m³,SELECTED_HIGH_QUALITY
10630,"Govt. High School Shikarpur, Patna ",Patna,25.592539,85.227158,2020-03-31 11:00:00,2020-06-19 18:00:00,80.3,993,0.0,34.06,282.79,51.5,µg/m³,SELECTED_HIGH_QUALITY
5616,"Sector - 62, Noida, UP - IMD",Noida,28.6245479,77.3577104,2018-03-09 05:00:00,2018-09-04 18:00:00,179.5,991,0.0,59.74,234.0,23.0,µg/m³,SELECTED_HIGH_QUALITY
5594,"Muzaffarpur Collectorate, Muzaffarp",Muzaffarpur,26.1209,85.3647,2018-03-09 05:00:00,2018-09-03 18:00:00,178.5,987,0.0,60.68,319.0,23.0,µg/m³,SELECTED_HIGH_QUALITY
11609,"Mhada Colony, Pune - IITM",Pune,18.57304,73.927715,2020-11-13 12:00:00,2021-02-08 17:00:00,87.2,974,0.0,68.87,999.99,46.5,µg/m³,SELECTED_HIGH_QUALITY
227931,"Sector-3B Avas Vikas Colony, Agra -",Agra,27.19412,77.96236999999999,2021-06-12 15:00:00,2021-10-29 18:00:00,139.1,968,0.0,52.97,323.2,29.0,µg/m³,SELECTED_HIGH_QUALITY
7495,"DRM Office Danapur, Patna - BSPCB",Patna,25.586562,85.043586,2020-03-02 09:00:00,2020-06-19 17:00:00,109.3,931,0.0,50.24,806.08,35.5,µg/m³,SELECTED_HIGH_QUALITY
5635,"Adarsh Nagar, Jaipur - RSPCB",Jaipur,26.902909,75.836858,2018-03-09 05:00:00,2018-08-30 15:00:00,174.4,930,0.0,49.65,186.1,22.2,µg/m³,SELECTED_HIGH_QUALITY
5566,"Talcher Coalfields,Talcher - OSPCB",Talcher Coalfields,20.9360711,85.1707021,2018-03-09 05:00:00,2018-10-02 17:00:00,207.5,892,0.0,47.54,471.04,17.9,µg/m³,SELECTED_HIGH_QUALITY
5661,"Karve Road Pune, Pune - MPCB",Pune,18.5011743,73.8165527,2018-03-09 05:00:00,2018-08-30 18:00:00,174.5,886,7.0,44.9,159.0,21.1,µg/m³,SELECTED_HIGH_QUALITY
5621,"Opp GPO Civil Lines, Nagpur - MPCB",Nagpur,21.152875,79.0517531,2018-03-09 05:00:00,2018-08-29 18:00:00,173.5,884,0.0,54.21,302.84,21.2,µg/m³,SELECTED_HIGH_QUALITY
235,"Anand Vihar, New Delhi - DPCC",Delhi,28.646835,77.316032,2015-06-29 14:00:00,2016-03-07 16:00:00,252.1,878,4.0,82.83,331.0,14.5,µg/m³,SELECTED_HIGH_QUALITY
270724,"Kareemganj, Gaya - BSPCB",Gaya,24.792403,84.992416,2021-11-22 17:00:00,2022-04-10 17:00:00,139.0,837,24.0,141.34,616.0,25.1,µg/m³,SELECTED_HIGH_QUALITY
227384,"Jhunsi, Prayagraj - UPPCB",Agra,25.425602,81.917152,2021-06-02 17:00:00,2021-10-22 18:00:00,142.0,799,0.0,35.62,136.8,23.4,µg/m³,SELECTED_HIGH_QUALITY
5565,"MIDC Khutala, Chandrapur - MPCB",MIDC Khutala,19.9775302,79.2337086,2018-03-09 05:00:00,2018-09-10 18:00:00,185.5,796,0.0,20.46,245.0,17.9,µg/m³,SELECTED_HIGH_QUALITY
10823,"Buddha Colony, Muzaffarpur - BSPCB",Muzaffarpur,26.11442,85.39813,2020-08-24 17:00:00,2020-11-12 17:00:00,80.0,793,3.26,40.5,111.8,41.3,µg/m³,SELECTED_HIGH_QUALITY
227534,"Gyaspur, Ahmedabad - IITM",Ahmedabad,22.977134,72.553024,2021-06-04 17:00:00,2021-10-23 18:00:00,141.0,765,0.0,52.37,1228.65,22.6,µg/m³,SELECTED_HIGH_QUALITY
5551,"Golden Temple, Amritsar - PPCB",Amritsar,31.62,74.876512,2018-03-09 05:00:00,2018-09-01 10:00:00,176.2,704,0.0,38.78,160.17,16.6,µg/m³,SELECTED_HIGH_QUALITY
10920,"New Industrial Town, Faridabad - HS",Faridabad,28.39072,77.30059,2020-03-11 08:00:00,2020-08-06 17:00:00,148.4,699,0.0,44.03,999.99,19.6,µg/m³,SELECTED_HIGH_QUALITY
5542,"Civil Line, Jalandhar - PPCB",Civil Line,31.321907,75.578914,2018-03-09 05:00:00,2018-09-02 18:00:00,177.5,660,0.0,53.24,168.0,15.5,µg/m³,SELECTED_HIGH_QUALITY
42240,"Pan Bazaar, Guwahati - APCB",Guwahati,26.1875,91.744194,2020-12-28 11:00:00,2021-09-24 17:00:00,270.2,609,0.0,51.31,245.0,9.4,µg/m³,SELECTED_HIGH_QUALITY
5633,"Police Commissionerate, Jaipur - RS",Jaipur,26.9164092,75.7994901,2018-03-10 19:00:00,2018-09-03 18:00:00,177.0,578,0.0,73.36,434.8,13.6,µg/m³,SELECTED_HIGH_QUALITY
229987,"MIT-Daudpur Kothi, Muzaffarpur - BS",Muzaffarpur,26.1403345,85.3650192,2021-12-03 10:00:00,2022-04-07 17:00:00,125.3,569,17.0,149.29,550.0,18.9,µg/m³,SELECTED_HIGH_QUALITY
11613,"Revenue Colony-Shivajinagar, Pune -",Pune,18.530085,73.849598,2020-11-13 12:00:00,2021-03-06 18:00:00,113.2,568,0.0,59.54,409.2,20.9,µg/m³,SELECTED_HIGH_QUALITY
5569,"Punjab Agricultural University, Lud",Ludhiana,30.9028,75.8086,2018-03-09 05:00:00,2018-09-03 10:00:00,178.2,341,0.0,60.73,194.88,8.0,µg/m³,SELECTED_HIGH_QUALITY
358457,"PSG College of Arts and Science, Co",Coimbatore,11.0328,77.0349,2022-09-23 11:00:00,2025-04-08 09:00:00,927.9,154,0.0,11.97,58.0,0.7,µg/m³,SELECTED_HIGH_QUALITY
