station_id,station_name,city,latitude,longitude,first_timestamp_utc,last_timestamp_utc,hourly_observation_count,unit
3409464,"Ambazari, Nagpur - MPCB",Nagpur,21.121801,79.04952,2025-02-18 20:00:00,2025-05-05 18:00:00,1716,µg/m³
3409501,"Airport Area, Indore - IMC",Indore,22.7289,75.8076,2025-02-18 20:00:00,2025-05-05 18:00:00,1714,µg/m³
8557,Hyderabad,Hyderabad,17.38405,78.45636,2016-11-09 17:00:00,2017-01-22 18:00:00,1711,µg/m³
3409465,"Ram Nagar, Nagpur - MPCB",Nagpur,21.143383,79.048912,2025-02-18 20:00:00,2025-05-05 18:00:00,1705,µg/m³
3409371,"Science Center, Surat - SMC",Surat,21.170046,72.795405,2025-02-18 20:00:00,2025-05-07 18:00:00,1670,µg/m³
3409431,"Digari Kalan, Jodhpur - RSPCB",Jodhpur,26.29581,73.08228299999999,2025-02-18 20:00:00,2025-05-05 18:00:00,1663,µg/m³
3409492,"HB Colony, Vijayawada - APPCB",Vijayawada,16.536107,80.594233,2025-02-18 20:00:00,2025-05-09 18:00:00,1660,µg/m³
3409518,"Rajiv Nagar, Vijayawada - APPCB",Vijayawada,16.554731,80.64911,2025-02-18 20:00:00,2025-05-07 18:00:00,1656,µg/m³
10903,"Railway Colony, Guwahati - APCB",Guwahati,26.181742,91.78063,2019-12-24 09:00:00,2020-03-07 18:00:00,1654,µg/m³
6003651,SVNIT Surat,Surat,21.7653,72.7855,2025-10-03 16:00:00,2026-02-27 18:00:00,1650,µg/m³
6221294,"Bapunagar, Vadodara - Nexteng Envir",Vadodara,22.320153,73.216285,2026-01-30 11:00:00,2026-04-14 18:00:00,1648,µg/m³
10910,"Sector-12, Karnal - HSPCB",Sector,29.6953,77.0027,2019-02-12 01:00:00,2019-09-15 18:00:00,1646,µg/m³
6221295,"Katargam, Surat - Nexteng Enviro",Surat,21.217779,72.834787,2026-01-30 12:00:00,2026-04-14 18:00:00,1646,µg/m³
6981,"Fort William, Kolkata - WBPCB",Kolkata,22.55664,88.342674,2019-06-18 23:00:00,2019-09-06 18:00:00,1621,µg/m³
6980,"Sector-1, Noida - UPPCB",Noida,28.589247,77.321962,2019-06-28 05:00:00,2019-09-12 18:00:00,1621,µg/m³
10911,"Marhatal, Jabalpur - MPPCB",Marhatal,23.168606,79.932247,2019-09-23 09:00:00,2019-12-19 18:00:00,1597,µg/m³
3409493,"Rajiv Gandhi Park, Vijayawada - APP",Vijayawada,16.509717,80.612222,2025-02-18 20:00:00,2025-05-06 18:00:00,1588,µg/m³
6943,"Mahape, Navi Mumbai - MPCB",Mumbai,19.1135051,73.008978,2019-06-27 05:00:00,2019-09-12 18:00:00,1582,µg/m³
10919,"Sanjay Nagar, Ghaziabad - UPPCB",Ghaziabad,28.685382,77.453839,2019-04-27 11:00:00,2019-09-27 18:00:00,1572,µg/m³
8914,"SIDCO Kurichi, Coimbatore - TNPCB",Coimbatore,10.942451,76.978996,2019-07-11 11:00:00,2019-10-03 18:00:00,1570,µg/m³
7005,"Loni, Ghaziabad - UPPCB",Ghaziabad,28.757294,77.278792,2019-04-27 11:00:00,2019-09-16 18:00:00,1569,µg/m³
10914,"Sector-25, Chandigarh - CPCC",Chandigarh,30.751462,76.762879,2019-09-17 05:00:00,2019-12-12 18:00:00,1563,µg/m³
7292,"Chhoti Gwaltoli, Indore - MPPCB",Indore,22.431,75.5213,2019-09-23 09:00:00,2019-12-18 18:00:00,1560,µg/m³
6987,"Vile Parle West, Mumbai - MPCB",Mumbai,19.10861,72.83622,2019-06-18 23:00:00,2019-10-03 18:00:00,1559,µg/m³
8245,"Gole Bazar, Katni - MPPCB",Gole Bazar,23.50016,80.23284,2020-01-07 10:00:00,2020-03-23 16:00:00,1551,µg/m³
10599,"Rajbansi Nagar, Patna - BSPCB",Patna,25.599486,85.113666,2019-12-26 05:00:00,2020-03-11 18:00:00,1551,µg/m³
10896,"Chhoti Gwaltoli, Indore - MPPCB",Indore,22.431,75.5213,2020-01-06 10:00:00,2020-03-22 17:00:00,1549,µg/m³
10913,"T T Nagar, Bhopal - MPPCB",Bhopal,23.233584,77.400574,2019-09-23 09:00:00,2019-12-19 18:00:00,1542,µg/m³
8915,"Wazirpur, Delhi - DPCC",Delhi,28.699793,77.165453,2018-12-15 15:00:00,2019-09-01 18:00:00,1527,µg/m³
278418,"Sector-53, Chandigarh - CPCC",Chandigarh,30.719859000000003,76.738637,2022-01-31 07:00:00,2022-09-24 17:00:00,1526,µg/m³
10904,"Rabindra Sarobar, Kolkata - WBPCB",Kolkata,22.51106,88.35142,2019-08-09 07:00:00,2019-10-23 15:00:00,1521,µg/m³
3409390,"LGBI Airport, Guwahati - PCBA",Guwahati,26.10887,91.589544,2025-02-18 20:00:00,2025-05-07 18:00:00,1515,µg/m³
6975,"Silk Board, Bengaluru - KSPCB",Bengaluru,12.917348,77.622813,2018-08-10 06:00:00,2018-10-30 18:00:00,1512,µg/m³
703,Collectorate Jodhpur - RSPCB,Jodhpur,26.2920639,73.0379111111111,2016-03-21 18:00:00,2016-06-05 18:00:00,1497,µg/m³
234568,"FTI Kidwai Nagar, Kanpur - UPPCB",Kanpur,26.428282,80.327067,2021-09-03 11:00:00,2021-11-28 18:00:00,1487,µg/m³
10907,"City Center, Gwalior - MPPCB",City Center,26.203442,78.193251,2020-02-03 08:00:00,2020-04-18 17:00:00,1487,µg/m³
10633,"Victoria, Kolkata - WBPCB",Kolkata,22.5448082,88.3403691,2018-04-15 22:00:00,2018-10-05 18:00:00,1451,µg/m³
361378,"Paryavaran Parisar, Bhopal - MPPCB",Bhopal,23.210494,77.425409,2022-09-22 20:00:00,2025-04-09 00:00:00,1450,µg/m³
233415,"Sector 22, Chandigarh - CPCC",Chandigarh,30.735567,76.77571400000001,2021-08-25 16:00:00,2021-11-26 17:00:00,1445,µg/m³
8916,"Vyttila, Kochi - Kerala PCB",Kochi,9.969447,76.321186,2020-02-05 08:00:00,2020-04-21 18:00:00,1443,µg/m³
7140,"Gomti Nagar, Lucknow - UPPCB",Lucknow,26.86812,81.005119,2019-08-07 09:00:00,2019-11-27 18:00:00,1421,µg/m³
10909,"Vijay Nagar, Ramanagara - KSPCB",Vijay Nagar,12.733409,77.298051,2019-09-23 09:00:00,2019-12-29 09:00:00,1383,µg/m³
2596,"Solapur, Solapur - MPCB",Solapur,17.6599188,75.9063906,2016-03-21 18:00:00,2016-07-04 18:00:00,1336,µg/m³
8190,"Kariavattom, Thiruvananthapuram - K",Thiruvananthapuram,8.5637,76.8865,2020-02-17 10:00:00,2020-05-07 18:00:00,1331,µg/m³
8558,Chennai,Chennai,13.08784,80.278475,2016-11-09 17:00:00,2017-01-22 18:00:00,1323,µg/m³
8039,Mumbai,Mumbai,19.07283,72.88261,2016-11-09 17:00:00,2017-01-22 18:00:00,1306,µg/m³
10645,"Industrial Area, Hajipur - BSPCB",Industrial Area,25.697189,85.2459,2020-03-02 09:00:00,2020-05-17 12:00:00,1293,µg/m³
10820,"Sector 30, Faridabad - HSPCB",Faridabad,28.4417,77.3217,2020-03-11 08:00:00,2020-05-26 13:00:00,1292,µg/m³
10545,"Civil Lines, Ajmer - RSPCB",Civil Lines,26.470859,74.646594,2018-04-16 03:00:00,2018-09-30 18:00:00,1272,µg/m³
229252,"NSI Kalyanpur, Kanpur - UPPCB",Kanpur,26.509954,80.249612,2021-07-09 16:00:00,2021-11-13 18:00:00,1269,µg/m³
7880,"Sikulpuikawn, Aizawl - Mizoram PCB",Sikulpuikawn,23.7176342,92.7192841,2020-03-19 04:00:00,2020-06-08 18:00:00,1167,µg/m³
5559,"Collectorate, Gaya - BSPCB",Gaya,24.7955,84.9994,2018-03-09 05:00:00,2018-09-03 18:00:00,1135,µg/m³
5599,"Bollaram Industrial Area, Hyderabad",Hyderabad,17.540891,78.358528,2018-03-09 05:00:00,2018-09-03 18:00:00,1132,µg/m³
301,"Vikas Sadan, Gurugram - HSPCB",Gurugram,28.4501238,77.0263051,2016-03-25 07:00:00,2016-06-12 18:00:00,1121,µg/m³
7494,"SFTI Kusdihra, Gaya - BSPCB",Gaya,24.762518,84.982348,2020-03-02 09:00:00,2020-05-18 17:00:00,1105,µg/m³
228397,"IESD Banaras Hindu University, Vara",Varanasi,25.262326,82.995408,2021-06-21 23:00:00,2021-11-04 18:00:00,1104,µg/m³
5598,"Sector - 125, Noida, UP - UPPCB",Noida,28.5447608,77.3231257,2018-03-09 05:00:00,2018-09-03 18:00:00,1102,µg/m³
5590,"Ardhali Bazar, Varanasi - UPPCB",Varanasi,25.3505986,82.9083074,2018-03-09 05:00:00,2018-09-02 18:00:00,1101,µg/m³
10921,"NISE Gwal Pahari, Gurugram - IMD",Gurugram,28.422681,77.148944,2018-11-16 09:00:00,2019-09-11 18:00:00,1100,µg/m³
5548,"BTM Layout, Bengaluru - CPCB",Bengaluru,12.9135218,77.5950804,2018-03-09 05:00:00,2018-09-08 13:00:00,1094,µg/m³
5667,"Bhopal Chauraha, Dewas - MPPCB",Bhopal,22.9682591,76.064118,2018-03-09 05:00:00,2018-08-29 18:00:00,1091,µg/m³
228403,"Bhelupur, Varanasi - UPPCB",Varanasi,25.301778,82.996789,2021-06-22 02:00:00,2021-11-05 18:00:00,1087,µg/m³
5662,"Nehru Nagar, Kanpur - UPPCB",Kanpur,26.4703136,80.3229863,2018-03-09 05:00:00,2018-08-28 18:00:00,1086,µg/m³
5623,"Central University, Hyderabad - TSP",Hyderabad,17.460103,78.334361,2018-03-09 05:00:00,2018-08-29 18:00:00,1085,µg/m³
10900,"Teri Gram, Gurugram - HSPCB",Gurugram,28.4275,77.1465,2020-03-30 15:00:00,2020-06-19 18:00:00,1085,µg/m³
5631,"Maninagar, Ahmedabad - GPCB",Ahmedabad,23.002657,72.591912,2018-03-09 05:00:00,2018-08-28 18:00:00,1081,µg/m³
5659,"Lalbagh, Lucknow - CPCB",Lucknow,26.8458805,80.9365541,2018-03-09 03:00:00,2018-08-28 18:00:00,1078,µg/m³
17,"R K Puram, Delhi - DPCC",Delhi,28.563262,77.186937,2015-06-29 14:00:00,2016-02-05 16:00:00,1062,µg/m³
5665,"Vasundhara, Ghaziabad - UPPCB",Ghaziabad,28.6603346,77.3572563,2018-03-09 05:00:00,2018-08-28 18:00:00,1061,µg/m³
5612,"Shastri Nagar, Jaipur - RSPCB",Jaipur,26.9502929,75.730943,2018-03-09 05:00:00,2018-08-29 18:00:00,1059,µg/m³
860,"Sanjay Palace, Agra - UPPCB",Agra,27.19865833,78.00598056,2016-03-22 00:00:00,2016-06-12 17:00:00,1057,µg/m³
5576,"Moti Doongri, Alwar - RSPCB",Moti Doongri,27.554793,76.611536,2018-03-10 19:00:00,2018-09-10 18:00:00,1052,µg/m³
5544,"Model Town, Patiala - PPCB",Model Town,30.349388,76.366642,2018-03-09 05:00:00,2018-08-28 18:00:00,1036,µg/m³
5617,"Sector- 16A, Faridabad - HSPCB",Faridabad,28.4088421,77.3099081,2018-03-09 05:00:00,2018-08-31 18:00:00,1024,µg/m³
5655,"Velachery Res. Area, Chennai - CPCB",Chennai,13.0052189,80.2398125,2018-03-09 05:00:00,2018-08-28 18:00:00,1017,µg/m³
228297,"SVPI Airport Hansol, Ahmedabad - II",Ahmedabad,23.076793,72.627874,2021-06-18 21:00:00,2021-11-01 18:00:00,1013,µg/m³
5646,"Plammoodu, Thiruvananthapuram - Ker",Thiruvananthapuram,8.5149093,76.9435879,2018-03-09 05:00:00,2018-08-30 18:00:00,1011,µg/m³
5587,"Collectorate, Jodhpur - RSPCB",Jodhpur,26.268249,73.0193853,2018-03-09 05:00:00,2018-08-30 18:00:00,993,µg/m³
10630,"Govt. High School Shikarpur, Patna ",Patna,25.592539,85.227158,2020-03-31 11:00:00,2020-06-19 18:00:00,993,µg/m³
5616,"Sector - 62, Noida, UP - IMD",Noida,28.6245479,77.3577104,2018-03-09 05:00:00,2018-09-04 18:00:00,991,µg/m³
5594,"Muzaffarpur Collectorate, Muzaffarp",Muzaffarpur,26.1209,85.3647,2018-03-09 05:00:00,2018-09-03 18:00:00,987,µg/m³
11609,"Mhada Colony, Pune - IITM",Pune,18.57304,73.927715,2020-11-13 12:00:00,2021-02-08 17:00:00,974,µg/m³
227931,"Sector-3B Avas Vikas Colony, Agra -",Agra,27.19412,77.96236999999999,2021-06-12 15:00:00,2021-10-29 18:00:00,968,µg/m³
7495,"DRM Office Danapur, Patna - BSPCB",Patna,25.586562,85.043586,2020-03-02 09:00:00,2020-06-19 17:00:00,931,µg/m³
5635,"Adarsh Nagar, Jaipur - RSPCB",Jaipur,26.902909,75.836858,2018-03-09 05:00:00,2018-08-30 15:00:00,930,µg/m³
5566,"Talcher Coalfields,Talcher - OSPCB",Talcher Coalfields,20.9360711,85.1707021,2018-03-09 05:00:00,2018-10-02 17:00:00,892,µg/m³
5661,"Karve Road Pune, Pune - MPCB",Pune,18.5011743,73.8165527,2018-03-09 05:00:00,2018-08-30 18:00:00,886,µg/m³
5621,"Opp GPO Civil Lines, Nagpur - MPCB",Nagpur,21.152875,79.0517531,2018-03-09 05:00:00,2018-08-29 18:00:00,884,µg/m³
235,"Anand Vihar, New Delhi - DPCC",Delhi,28.646835,77.316032,2015-06-29 14:00:00,2016-03-07 16:00:00,878,µg/m³
270724,"Kareemganj, Gaya - BSPCB",Gaya,24.792403,84.992416,2021-11-22 17:00:00,2022-04-10 17:00:00,837,µg/m³
227384,"Jhunsi, Prayagraj - UPPCB",Agra,25.425602,81.917152,2021-06-02 17:00:00,2021-10-22 18:00:00,799,µg/m³
5565,"MIDC Khutala, Chandrapur - MPCB",MIDC Khutala,19.9775302,79.2337086,2018-03-09 05:00:00,2018-09-10 18:00:00,796,µg/m³
10823,"Buddha Colony, Muzaffarpur - BSPCB",Muzaffarpur,26.11442,85.39813,2020-08-24 17:00:00,2020-11-12 17:00:00,793,µg/m³
227534,"Gyaspur, Ahmedabad - IITM",Ahmedabad,22.977134,72.553024,2021-06-04 17:00:00,2021-10-23 18:00:00,765,µg/m³
5551,"Golden Temple, Amritsar - PPCB",Amritsar,31.62,74.876512,2018-03-09 05:00:00,2018-09-01 10:00:00,704,µg/m³
10920,"New Industrial Town, Faridabad - HS",Faridabad,28.39072,77.30059,2020-03-11 08:00:00,2020-08-06 17:00:00,699,µg/m³
5542,"Civil Line, Jalandhar - PPCB",Civil Line,31.321907,75.578914,2018-03-09 05:00:00,2018-09-02 18:00:00,660,µg/m³
42240,"Pan Bazaar, Guwahati - APCB",Guwahati,26.1875,91.744194,2020-12-28 11:00:00,2021-09-24 17:00:00,609,µg/m³
5633,"Police Commissionerate, Jaipur - RS",Jaipur,26.9164092,75.7994901,2018-03-10 19:00:00,2018-09-03 18:00:00,578,µg/m³
229987,"MIT-Daudpur Kothi, Muzaffarpur - BS",Muzaffarpur,26.1403345,85.3650192,2021-12-03 10:00:00,2022-04-07 17:00:00,569,µg/m³
11613,"Revenue Colony-Shivajinagar, Pune -",Pune,18.530085,73.849598,2020-11-13 12:00:00,2021-03-06 18:00:00,568,µg/m³
5569,"Punjab Agricultural University, Lud",Ludhiana,30.9028,75.8086,2018-03-09 05:00:00,2018-09-03 10:00:00,341,µg/m³
358457,"PSG College of Arts and Science, Co",Coimbatore,11.0328,77.0349,2022-09-23 11:00:00,2025-04-08 09:00:00,154,µg/m³
