city,grid_id,timestamp,obs_aqi,n_ensemble_members,n_source_cells,disturbance_factor,mode,top1_grid,top1_weight,frac_outside_domain,frac_Ocean,frac_Pakistan,frac_Bangladesh,traj_time_s,grid_time_s
Delhi,IND_047_021,2020-11-01 00:00:00,288.0,20,40,1.0506076272427127,TRANSPORT_ONLY,IND_060_013,0.09642074506939372,0.0,0.0,0.0,0.0,7.521998882293701,0.004155874252319336
Delhi,IND_047_021,2020-11-01 12:00:00,288.0,20,52,1.1808492260081462,TRANSPORT_ONLY,IND_053_014,0.05849965588437715,0.0,0.0,0.0,0.0,8.041847467422485,0.003524303436279297
Lucknow,IND_043_028,2020-11-01 00:00:00,291.0,20,46,1.0506076272427127,TRANSPORT_ONLY,IND_045_025,0.08767123287671233,0.0,0.0,0.0,0.0,8.073188781738281,0.0034775733947753906
Lucknow,IND_043_028,2020-11-01 12:00:00,291.0,20,65,1.1808492260081462,TRANSPORT_ONLY,IND_044_027,0.0773972602739726,0.0,0.0,0.0,0.0,8.842766284942627,0.004306793212890625
Varanasi,IND_040_032,2020-11-01 00:00:00,263.0,20,34,1.0506076272427127,TRANSPORT_ONLY,IND_047_022,0.07602739726027398,0.0,0.0,0.0,0.0,16.65976119041443,0.004757881164550781
Varanasi,IND_040_032,2020-11-01 12:00:00,263.0,20,44,1.1808492260081462,TRANSPORT_ONLY,IND_040_032,0.06438356164383562,0.0,0.0,0.0,0.0,10.900179862976074,0.004081010818481445
Kanpur,IND_042_027,2020-11-01 00:00:00,360.0,20,49,1.0506076272427127,TRANSPORT_ONLY,IND_054_018,0.0863013698630137,0.0,0.0,0.0,0.0,8.393314123153687,0.0028862953186035156
Kanpur,IND_042_027,2020-11-01 12:00:00,360.0,20,51,1.1808492260081462,TRANSPORT_ONLY,IND_056_017,0.07191780821917808,0.0,0.0,0.0,0.0,8.515864849090576,0.005803585052490234
Patna,IND_041_037,2020-11-01 00:00:00,164.0,20,57,1.0506076272427127,TRANSPORT_ONLY,IND_041_036,0.06363636363636363,0.0,0.0,0.0,0.0,11.500407695770264,0.004562854766845703
Patna,IND_041_037,2020-11-01 12:00:00,164.0,20,48,1.1808492260081462,TRANSPORT_ONLY,IND_041_035,0.05806451612903226,0.0,0.0,0.0,0.0,9.511500835418701,0.003351449966430664
Kolkata,IND_034_043,2020-11-01 00:00:00,152.0,20,9,1.0506076272427127,TRANSPORT_ONLY,IND_034_046,0.2048780487804878,0.0,0.0,0.0,0.0,1.1077260971069336,0.003141164779663086
Kolkata,IND_034_043,2020-11-01 12:00:00,152.0,20,9,1.1808492260081462,TRANSPORT_ONLY,IND_034_044,0.30978260869565216,0.0,0.0,0.0,0.0,1.0517916679382324,0.0021719932556152344
Mumbai,IND_026_012,2020-11-01 00:00:00,111.0,20,75,1.0506076272427127,TRANSPORT_ONLY,IND_029_011,0.10792951541850221,0.0,0.0,0.0,0.0,5.104809761047363,0.003744840621948242
Mumbai,IND_026_012,2020-11-01 12:00:00,111.0,20,61,1.1808492260081462,TRANSPORT_ONLY,IND_027_011,0.10237659963436929,0.0,0.0,0.0,0.0,6.3342108726501465,0.004509925842285156
Ahmedabad,IND_035_011,2020-11-01 00:00:00,101.0,20,66,1.0506076272427127,TRANSPORT_ONLY,IND_037_013,0.09,0.0,0.0,0.0,0.0,7.909386396408081,0.0042307376861572266
Ahmedabad,IND_035_011,2020-11-01 12:00:00,101.0,20,80,1.1808492260081462,TRANSPORT_ONLY,IND_036_012,0.05466237942122187,0.0,0.0,0.0,0.0,10.499084234237671,0.005868434906005859
Hyderabad,IND_022_023,2020-11-01 00:00:00,152.0,20,82,1.0506076272427127,TRANSPORT_ONLY,IND_030_027,0.07191780821917808,0.0,0.0,0.0,0.0,12.682157754898071,0.0052928924560546875
Hyderabad,IND_022_023,2020-11-01 12:00:00,152.0,20,69,1.1808492260081462,TRANSPORT_ONLY,IND_038_025,0.11643835616438356,0.0,0.0,0.0,0.0,15.0002601146698,0.0054323673248291016
Bengaluru,IND_012_021,2020-11-01 00:00:00,67.0,20,1,1.0506076272427127,TRANSPORT_ONLY,IND_012_021,1.0,0.0,0.0,0.0,0.0,0.08534479141235352,0.003816366195678711
Bengaluru,IND_012_021,2020-11-01 12:00:00,67.0,20,1,1.1808492260081462,TRANSPORT_ONLY,IND_012_021,1.0,0.0,0.0,0.0,0.0,0.0876626968383789,0.003048419952392578
